model,scenario,subset,n_samples,n_valid_positions,log2_rmse,mae,global_r2,sample_pcc_median,sample_r2_median,protein_pcc_median,protein_r2_median,sample_id_sha256
V2 batch-enabled Huber,val_chem_only,common_intersection,981,3577143,0.6195839643478394,0.449642151594162,0.9482799560431878,0.9804270603780536,0.9561289245922772,0.816899660560901,0.5493663262149701,c6a9cf63f4b5ba2edae496463ac14cab4d3e50d547f6e383ee6a9844131b9914
Matched Control,val_chem_only,common_intersection,981,3577143,0.3816509246826172,0.2542759776115417,0.9803758325231332,0.9923547151153468,0.9834327625409116,0.9163208172433852,0.8278896989302484,c6a9cf63f4b5ba2edae496463ac14cab4d3e50d547f6e383ee6a9844131b9914
V2 batch-enabled Huber,val_strain_only,common_intersection,1313,4824234,0.736795961856842,0.5125687122344971,0.9253146060619976,0.9653311771917212,0.9278370832081538,0.7714490285638663,0.3476274592533442,2f0c6ab08f5598c6f9d129b0f840d05236516315453a522f568ffeb35555395a
Matched Control,val_strain_only,common_intersection,1313,4824234,0.4101383090019226,0.2734795808792114,0.976857946006016,0.9911467083600912,0.981110628573204,0.857274347319439,0.703702214666796,2f0c6ab08f5598c6f9d129b0f840d05236516315453a522f568ffeb35555395a
V2 batch-enabled Huber,val_both,common_intersection,266,960434,0.8314878940582275,0.5945226550102234,0.9067795907074592,0.9620895217928236,0.9098457120833228,0.8114977375733294,0.3373128489731192,1072f25208f83888fe22899d36c4cb09c4a5b709c6d4ee9f1a11457917087689
Matched Control,val_both,common_intersection,266,960434,0.3852837979793548,0.2569970786571502,0.9799847663018254,0.9918442920006943,0.9825397685286026,0.9060808108620136,0.8017501149727173,1072f25208f83888fe22899d36c4cb09c4a5b709c6d4ee9f1a11457917087689
V2 batch-enabled Huber,val_time,common_intersection,134,486393,0.5562522411346436,0.3819143176078796,0.9580394230929836,0.981990362360583,0.962043973448412,0.7580604600939844,0.548268481406536,4cc87d58be7a8f5c6ca51803b8bc55e9b0e1cf11acb46ad87c8e4610ac31913c
Matched Control,val_time,common_intersection,134,486393,0.4335888624191284,0.2842686474323272,0.9745050477824022,0.991653006372907,0.9815590424680418,0.8548933578044341,0.70657739789998,4cc87d58be7a8f5c6ca51803b8bc55e9b0e1cf11acb46ad87c8e4610ac31913c
S1 B anchor Morgan Huber,val_chem_only,common_intersection,981,3577143,0.5964546799659729,0.416370689868927,0.952069333847242,0.980085276516251,0.9535449028163284,0.7991446327498709,0.6114296488223718,c6a9cf63f4b5ba2edae496463ac14cab4d3e50d547f6e383ee6a9844131b9914
S1 C anchor Morgan Huber plus experimental FC,val_chem_only,common_intersection,981,3577143,0.614058256149292,0.4321179687976837,0.949198369383152,0.9777764058905878,0.9509959922123572,0.8090181669522702,0.5903315414737559,c6a9cf63f4b5ba2edae496463ac14cab4d3e50d547f6e383ee6a9844131b9914
S1 B anchor Morgan Huber,val_strain_only,common_intersection,1313,4824234,0.727517306804657,0.5071856379508972,0.927183811702146,0.9666678101074092,0.931041746567476,0.7681702234342422,0.363713741523173,2f0c6ab08f5598c6f9d129b0f840d05236516315453a522f568ffeb35555395a
S1 C anchor Morgan Huber plus experimental FC,val_strain_only,common_intersection,1313,4824234,0.7180272936820984,0.4983153343200683,0.929071112868913,0.9674192174907712,0.9320821256370644,0.7729535683753612,0.3758455997050141,2f0c6ab08f5598c6f9d129b0f840d05236516315453a522f568ffeb35555395a
S1 B anchor Morgan Huber,val_both,common_intersection,266,960434,0.798532247543335,0.5607910752296448,0.914022627084031,0.9603996864030764,0.913175057459328,0.7865290675930703,0.3895422645223355,1072f25208f83888fe22899d36c4cb09c4a5b709c6d4ee9f1a11457917087689
S1 C anchor Morgan Huber plus experimental FC,val_both,common_intersection,266,960434,0.8054149746894836,0.5660902261734009,0.9125341351868682,0.960806973795174,0.9115982231827212,0.8052479344859215,0.3985695150934876,1072f25208f83888fe22899d36c4cb09c4a5b709c6d4ee9f1a11457917087689
S1 B anchor Morgan Huber,val_time,common_intersection,134,486393,0.5546213984489441,0.3853083848953247,0.958285104831726,0.9823924061470246,0.9616240648678056,0.7561311241093462,0.5444532237123152,4cc87d58be7a8f5c6ca51803b8bc55e9b0e1cf11acb46ad87c8e4610ac31913c
S1 C anchor Morgan Huber plus experimental FC,val_time,common_intersection,134,486393,0.540155827999115,0.3739589750766754,0.9604327312499602,0.9839330733783708,0.964834457811131,0.7652210048144883,0.5647815354064488,4cc87d58be7a8f5c6ca51803b8bc55e9b0e1cf11acb46ad87c8e4610ac31913c
S2B D0 hierarchical none Huber,val_chem_only,common_intersection,981,3577143,0.5477526187896729,0.3861697316169739,0.9595771038680352,0.983356659423208,0.963578028586112,0.8361784304381075,0.6640693745117747,c6a9cf63f4b5ba2edae496463ac14cab4d3e50d547f6e383ee6a9844131b9914
S2B D2 hierarchical Morgan experimental FC,val_chem_only,common_intersection,981,3577143,0.5794022083282471,0.4074844121932983,0.9547708119522176,0.9817290388095482,0.9584831868974704,0.8145855930422896,0.6281952053268478,c6a9cf63f4b5ba2edae496463ac14cab4d3e50d547f6e383ee6a9844131b9914
S2B D0 hierarchical none Huber,val_strain_only,common_intersection,1313,4824234,0.765321671962738,0.5283350944519043,0.9194196258611936,0.9626094089982286,0.9208852163411944,0.755859358729608,0.3246585911714882,2f0c6ab08f5598c6f9d129b0f840d05236516315453a522f568ffeb35555395a
S2B D2 hierarchical Morgan experimental FC,val_strain_only,common_intersection,1313,4824234,0.7529476881027222,0.5189709663391113,0.922004268932481,0.96378965264475,0.9240382251816204,0.7794555300482388,0.3732037572707846,2f0c6ab08f5598c6f9d129b0f840d05236516315453a522f568ffeb35555395a
S2B D0 hierarchical none Huber,val_both,common_intersection,266,960434,0.8082606196403503,0.5604541301727295,0.9119149866523548,0.96085383267433,0.9121728649677524,0.8256924137655874,0.4432267302670045,1072f25208f83888fe22899d36c4cb09c4a5b709c6d4ee9f1a11457917087689
S2B D2 hierarchical Morgan experimental FC,val_both,common_intersection,266,960434,0.8114367127418518,0.5650421977043152,0.9112213519938278,0.9613629076799964,0.9134972373971236,0.8039235832887534,0.4159155588236857,1072f25208f83888fe22899d36c4cb09c4a5b709c6d4ee9f1a11457917087689
S2B D0 hierarchical none Huber,val_time,common_intersection,134,486393,0.5496427416801453,0.3812069296836853,0.9590306581220548,0.9833610811042724,0.9619110395457146,0.7598831152250698,0.5551217760339792,4cc87d58be7a8f5c6ca51803b8bc55e9b0e1cf11acb46ad87c8e4610ac31913c
S2B D2 hierarchical Morgan experimental FC,val_time,common_intersection,134,486393,0.5093175172805786,0.3525953292846679,0.9648216706853509,0.9851206581069,0.9679564814133186,0.8009127230032389,0.6271793158005887,4cc87d58be7a8f5c6ca51803b8bc55e9b0e1cf11acb46ad87c8e4610ac31913c
S2C novelty-gated ensemble,val_chem_only,common_intersection,981,3577143,0.5477526187896729,0.3861697316169739,0.9595771038680353,0.9833566594232079,0.9635780285861119,0.8361784304381075,0.6640693745117747,c6a9cf63f4b5ba2edae496463ac14cab4d3e50d547f6e383ee6a9844131b9914
S2C novelty-gated ensemble,val_strain_only,common_intersection,1313,4824234,0.7180272936820984,0.49831533432006836,0.929071112868913,0.9674192174907713,0.9320821256370643,0.7729535683753612,0.3758455997050141,2f0c6ab08f5598c6f9d129b0f840d05236516315453a522f568ffeb35555395a
S2C novelty-gated ensemble,val_both,common_intersection,266,960434,0.8082606196403503,0.5604541301727295,0.9119149866523547,0.9608538326743301,0.9121728649677525,0.8256924137655874,0.44322673026700454,1072f25208f83888fe22899d36c4cb09c4a5b709c6d4ee9f1a11457917087689
S2C novelty-gated ensemble,val_time,common_intersection,134,486393,0.5093175172805786,0.35259532928466797,0.9648216706853507,0.9851206581069001,0.9679564814133186,0.8009127230032389,0.6271793158005887,4cc87d58be7a8f5c6ca51803b8bc55e9b0e1cf11acb46ad87c8e4610ac31913c
