model,scenario,chemical_name,n_samples,n_valid_positions,absolute_rmse,absolute_mae,raw_fc_pcc,raw_fc_rmse,raw_fc_direction_accuracy
S2B D0 hierarchical none Huber,val_chem_only,Amphotericin B,282,886820,0.5664427876472473,0.40328627824783325,0.325285297610601,0.5664427876472473,0.6110146365666088
S2B D0 hierarchical none Huber,val_chem_only,FCCP,284,891729,0.547525942325592,0.3892268240451813,0.31760665642888536,0.547525942325592,0.6034849152601295
S2B D0 hierarchical none Huber,val_chem_only,Hydroxyurea,284,1015533,0.5711154341697693,0.40284112095832825,0.30859960970836736,0.5711154341697693,0.605937965580636
S2B D0 hierarchical none Huber,val_chem_only,Pentamidine isethionate,95,346403,0.4730834364891052,0.3296620547771454,0.42440338781951786,0.4730834364891052,0.6306729445183789
S2B D0 hierarchical none Huber,val_chem_only,Raloxifene hydrochloride,24,81754,0.6010904312133789,0.42817869782447815,0.321490135026071,0.6010904312133789,0.5956161166426107
S2B D0 hierarchical none Huber,val_chem_only,Sulfometuron methyl,96,354904,0.4838462173938751,0.3334915339946747,0.3818922047221049,0.4838462173938751,0.6237348691477131
S2B D1 hierarchical Morgan Huber,val_chem_only,Amphotericin B,282,886820,0.7405559420585632,0.5354070067405701,0.278802553800815,0.7405559420585632,0.5908132428226698
S2B D1 hierarchical Morgan Huber,val_chem_only,FCCP,284,891729,0.6148200631141663,0.4426319897174835,0.29455986580820265,0.6148200631141663,0.5940100635955543
S2B D1 hierarchical Morgan Huber,val_chem_only,Hydroxyurea,284,1015533,0.5150665640830994,0.3582823872566223,0.33787224208242417,0.5150665640830994,0.6156993421188677
S2B D1 hierarchical Morgan Huber,val_chem_only,Pentamidine isethionate,95,346403,0.5957607626914978,0.4200799763202667,0.33839470143252903,0.5957607626914978,0.5971368608239536
S2B D1 hierarchical Morgan Huber,val_chem_only,Raloxifene hydrochloride,24,81754,0.6161676645278931,0.4393770098686218,0.3495976212918529,0.6161676645278931,0.6149423881400299
S2B D1 hierarchical Morgan Huber,val_chem_only,Sulfometuron methyl,96,354904,0.45993927121162415,0.3174941837787628,0.39471376419136617,0.45993927121162415,0.6350646935509321
S2B D2 hierarchical Morgan experimental FC,val_chem_only,Amphotericin B,282,886820,0.7003768682479858,0.5094108581542969,0.2906377178787081,0.7003768682479858,0.594436300489389
S2B D2 hierarchical Morgan experimental FC,val_chem_only,FCCP,284,891729,0.5571846961975098,0.39780393242836,0.3154848307369178,0.5571846961975098,0.6025597462906331
S2B D2 hierarchical Morgan experimental FC,val_chem_only,Hydroxyurea,284,1015533,0.5209165811538696,0.361837774515152,0.34975335162790905,0.5209165811538696,0.6219719103170454
S2B D2 hierarchical Morgan experimental FC,val_chem_only,Pentamidine isethionate,95,346403,0.5557621121406555,0.39047902822494507,0.3631904250824375,0.5557621121406555,0.6064006374078746
S2B D2 hierarchical Morgan experimental FC,val_chem_only,Raloxifene hydrochloride,24,81754,0.6068248748779297,0.43256905674934387,0.35292917794842055,0.6068248748779297,0.615003547227047
S2B D2 hierarchical Morgan experimental FC,val_chem_only,Sulfometuron methyl,96,354904,0.4638267457485199,0.31855177879333496,0.3949508064340876,0.4638267457485199,0.634923810382526
S2B D0 hierarchical none Huber,val_strain_only,"(1R, 2S, 5R) - (-) - Menthol",24,87632,0.7025564908981323,0.4854263961315155,0.24677962804653134,0.7025564908981323,0.5813287383604163
S2B D0 hierarchical none Huber,val_strain_only,1-10 Phenanthroline monohydrate,48,174947,0.6997125148773193,0.4833972156047821,0.25691646172120725,0.6997125148773193,0.5885896871623978
S2B D0 hierarchical none Huber,val_strain_only,4-Hydroxytamoxifen,24,87104,0.7231800556182861,0.5007149577140808,0.28107950607060184,0.7231800556182861,0.587665319617928
S2B D0 hierarchical none Huber,val_strain_only,Amiodarone hydrochloride,23,73670,0.8329519629478455,0.5882920622825623,0.1656505944772813,0.8329519629478455,0.537749423103027
S2B D0 hierarchical none Huber,val_strain_only,Anisomycin,48,183200,0.6965605616569519,0.48205187916755676,0.2945479963230099,0.6965605616569519,0.5945687772925764
S2B D0 hierarchical none Huber,val_strain_only,Artemisinin,24,87987,0.7187502384185791,0.49786821007728577,0.1739647633239171,0.7187502384185791,0.5554456908406924
S2B D0 hierarchical none Huber,val_strain_only,Brefeldin A,48,179607,0.6981097459793091,0.4825153052806854,0.2716607493420139,0.6981097459793091,0.5914635843814551
S2B D0 hierarchical none Huber,val_strain_only,CHX,51,179518,0.8047993183135986,0.5570678114891052,0.25387077902595523,0.8047993183135986,0.5894784924074467
S2B D0 hierarchical none Huber,val_strain_only,Cisplatin,72,256795,0.7452461123466492,0.5133468508720398,0.2326479494692429,0.7452461123466492,0.5819739480908896
S2B D0 hierarchical none Huber,val_strain_only,Clomiphene citrate,24,87849,0.694948136806488,0.48003631830215454,0.26234737464238295,0.694948136806488,0.5820441894614623
S2B D0 hierarchical none Huber,val_strain_only,Clotrimazole,24,91638,0.6911317706108093,0.4748859703540802,0.31022863494952657,0.6911317706108093,0.6050328466356751
S2B D0 hierarchical none Huber,val_strain_only,Cyclopiazonic acid,24,73547,0.853641927242279,0.605686604976654,0.18488183872780473,0.853641927242279,0.5529933239968999
S2B D0 hierarchical none Huber,val_strain_only,Desipramine hydrochloride,23,87358,0.6867542862892151,0.47139984369277954,0.33100401490131043,0.6867542862892151,0.6115181208360997
S2B D0 hierarchical none Huber,val_strain_only,Dyclonine hydrochloride,13,49963,0.6784054040908813,0.46279823780059814,0.2806522624075989,0.6784054040908813,0.5967816183976142
S2B D0 hierarchical none Huber,val_strain_only,EDTA,144,518606,0.8156610131263733,0.567448079586029,0.23171646793247616,0.8156610131263733,0.573928955700474
S2B D0 hierarchical none Huber,val_strain_only,Emodin,24,86728,0.7157895565032959,0.49711552262306213,0.2574008300330629,0.7157895565032959,0.5831911262798635
S2B D0 hierarchical none Huber,val_strain_only,Geldanamycin,24,87891,0.7001516222953796,0.48207923769950867,0.25422757922852723,0.7001516222953796,0.5917556973979133
S2B D0 hierarchical none Huber,val_strain_only,Haloperidol,24,91401,0.689429759979248,0.4736490845680237,0.3150713393197345,0.689429759979248,0.6115469196179473
S2B D0 hierarchical none Huber,val_strain_only,Harmine hydrochloride,24,86918,0.7327214479446411,0.5132616758346558,0.22411047595521752,0.7327214479446411,0.5771761890517499
S2B D0 hierarchical none Huber,val_strain_only,Hoechst 33258,23,83761,0.8752245903015137,0.6314823031425476,0.18608581814234398,0.8752245903015137,0.55454208999415
S2B D0 hierarchical none Huber,val_strain_only,LY 294002 hydrochloride,24,88180,0.7290210127830505,0.5008108615875244,0.24827535644751997,0.7290210127830505,0.5811635291449309
S2B D0 hierarchical none Huber,val_strain_only,NaCl,72,254240,0.8014753460884094,0.5396479368209839,0.15759370412573448,0.8014753460884094,0.5671491504090623
S2B D0 hierarchical none Huber,val_strain_only,Nigericin,24,89166,0.7644661664962769,0.5352451205253601,0.22877387635263727,0.7644661664962769,0.5744678464885719
S2B D0 hierarchical none Huber,val_strain_only,Nocodazole,24,84550,0.7123975157737732,0.4926690459251404,0.25971911257628283,0.7123975157737732,0.5865405085748078
S2B D0 hierarchical none Huber,val_strain_only,Nystatin dihydrate,24,87755,0.7616527676582336,0.529286801815033,0.2551187297795203,0.7616527676582336,0.5823143980399977
S2B D0 hierarchical none Huber,val_strain_only,Oligomycin,24,78659,0.7661067247390747,0.5289706587791443,0.2488227011233862,0.7661067247390747,0.5947952554698127
S2B D0 hierarchical none Huber,val_strain_only,Parthenolide,24,88568,0.7075190544128418,0.4857070744037628,0.2974182625449781,0.7075190544128418,0.6026781681871556
S2B D0 hierarchical none Huber,val_strain_only,Rapamycin,72,259073,0.8511754274368286,0.5952218770980835,0.1614462592507337,0.8511754274368286,0.5487410884190942
S2B D0 hierarchical none Huber,val_strain_only,SDS,72,255928,0.8502220511436462,0.5927479267120361,0.19952446616099262,0.8502220511436462,0.5597511800193804
S2B D0 hierarchical none Huber,val_strain_only,Sorbitol,72,253614,0.8549331426620483,0.5851351618766785,0.1795148831225473,0.8549331426620483,0.5671295748657409
S2B D0 hierarchical none Huber,val_strain_only,Staurosporine,24,91760,0.6902004480361938,0.4743540287017822,0.30611321871736447,0.6902004480361938,0.6035854402789886
S2B D0 hierarchical none Huber,val_strain_only,Trichostatin A,24,87658,0.7292556166648865,0.5134018063545227,0.25641077564023296,0.7292556166648865,0.5803349380547126
S2B D0 hierarchical none Huber,val_strain_only,Trifluoperazine dihydrochloride,24,91600,0.6880664825439453,0.4722488224506378,0.32594910664282845,0.6880664825439453,0.6105349344978166
S2B D0 hierarchical none Huber,val_strain_only,Tunicamycin,24,87789,0.7194063663482666,0.4945065677165985,0.2531974676017926,0.7194063663482666,0.5944936153732244
S2B D0 hierarchical none Huber,val_strain_only,U-73122,24,91663,0.7001258730888367,0.4875143766403198,0.27809952289801143,0.7001258730888367,0.5829396812236126
S2B D0 hierarchical none Huber,val_strain_only,Valinomycin,24,87445,0.7105494141578674,0.4932979345321655,0.22626534615033664,0.7105494141578674,0.5754931671336269
S2B D0 hierarchical none Huber,val_strain_only,Wortmannin,24,90466,0.7838754653930664,0.5515177845954895,0.19450374074501273,0.7838754653930664,0.5540424026706166
S2B D1 hierarchical Morgan Huber,val_strain_only,"(1R, 2S, 5R) - (-) - Menthol",24,87632,0.7062168121337891,0.48465824127197266,0.25480093390074116,0.7062168121337891,0.5920097681212343
S2B D1 hierarchical Morgan Huber,val_strain_only,1-10 Phenanthroline monohydrate,48,174947,0.7097674012184143,0.48657333850860596,0.25297948276466664,0.7097674012184143,0.5907732055994102
S2B D1 hierarchical Morgan Huber,val_strain_only,4-Hydroxytamoxifen,24,87104,0.8197277188301086,0.5987043976783752,0.28294445541304125,0.8197277188301086,0.5869650073475385
S2B D1 hierarchical Morgan Huber,val_strain_only,Amiodarone hydrochloride,23,73670,0.8874050974845886,0.6534783840179443,0.2242889394231029,0.8874050974845886,0.5555178498710466
S2B D1 hierarchical Morgan Huber,val_strain_only,Anisomycin,48,183200,0.7022397518157959,0.48055893182754517,0.3001620074633873,0.7022397518157959,0.6075491266375546
S2B D1 hierarchical Morgan Huber,val_strain_only,Artemisinin,24,87987,0.7252141237258911,0.49886196851730347,0.18303884737932327,0.7252141237258911,0.5617079795878936
S2B D1 hierarchical Morgan Huber,val_strain_only,Brefeldin A,48,179607,0.7086338996887207,0.48477718234062195,0.27036007406764584,0.7086338996887207,0.5992027036808142
S2B D1 hierarchical Morgan Huber,val_strain_only,CHX,51,179518,0.7440916895866394,0.511221706867218,0.26530318231956884,0.7440916895866394,0.5946144676299869
S2B D1 hierarchical Morgan Huber,val_strain_only,Cisplatin,72,256795,0.7527781128883362,0.5183008313179016,0.2282855192443286,0.7527781128883362,0.5800852820343075
S2B D1 hierarchical Morgan Huber,val_strain_only,Clomiphene citrate,24,87849,0.7052037715911865,0.4846862554550171,0.2666449483797212,0.7052037715911865,0.5905360334209837
S2B D1 hierarchical Morgan Huber,val_strain_only,Clotrimazole,24,91638,0.7032353281974792,0.4798423945903778,0.3155585494831547,0.7032353281974792,0.6099434732316288
S2B D1 hierarchical Morgan Huber,val_strain_only,Cyclopiazonic acid,24,73547,0.8567980527877808,0.6271982192993164,0.3234747167650969,0.8567980527877808,0.5967748514555319
S2B D1 hierarchical Morgan Huber,val_strain_only,Desipramine hydrochloride,23,87358,0.6974167227745056,0.4778939485549927,0.3388602801768947,0.6974167227745056,0.6233430252524096
S2B D1 hierarchical Morgan Huber,val_strain_only,Dyclonine hydrochloride,13,49963,0.6896088123321533,0.4665569067001343,0.2874794933414377,0.6896088123321533,0.6015651582170807
S2B D1 hierarchical Morgan Huber,val_strain_only,EDTA,144,518606,0.7519650459289551,0.5171377062797546,0.24630264800180984,0.7519650459289551,0.5830225643359314
S2B D1 hierarchical Morgan Huber,val_strain_only,Emodin,24,86728,0.710783839225769,0.48944729566574097,0.28314884766241843,0.710783839225769,0.6026196845309473
S2B D1 hierarchical Morgan Huber,val_strain_only,Geldanamycin,24,87891,0.7102470993995667,0.485720157623291,0.25728587520944246,0.7102470993995667,0.5893663742590254
S2B D1 hierarchical Morgan Huber,val_strain_only,Haloperidol,24,91401,0.6980973482131958,0.4763753116130829,0.31826503006763524,0.6980973482131958,0.6180566952221529
S2B D1 hierarchical Morgan Huber,val_strain_only,Harmine hydrochloride,24,86918,0.7421885132789612,0.5167311429977417,0.22101052127703882,0.7421885132789612,0.581145447433213
S2B D1 hierarchical Morgan Huber,val_strain_only,Hoechst 33258,23,83761,0.8669561743736267,0.6226743459701538,0.20677308128897867,0.8669561743736267,0.5677940807774501
S2B D1 hierarchical Morgan Huber,val_strain_only,LY 294002 hydrochloride,24,88180,0.7323455810546875,0.49997878074645996,0.2671408527566102,0.7323455810546875,0.596552506237242
S2B D1 hierarchical Morgan Huber,val_strain_only,NaCl,72,254240,0.8107287287712097,0.5454745292663574,0.14851622158944636,0.8107287287712097,0.5647301762114537
S2B D1 hierarchical Morgan Huber,val_strain_only,Nigericin,24,89166,0.7583032846450806,0.529848575592041,0.25767601486625674,0.7583032846450806,0.5890810398582419
S2B D1 hierarchical Morgan Huber,val_strain_only,Nocodazole,24,84550,0.7202650308609009,0.4918067157268524,0.26389161061563965,0.7202650308609009,0.5905499704316972
S2B D1 hierarchical Morgan Huber,val_strain_only,Nystatin dihydrate,24,87755,0.7485867738723755,0.5187618136405945,0.2944566472912827,0.7485867738723755,0.6052760526465728
S2B D1 hierarchical Morgan Huber,val_strain_only,Oligomycin,24,78659,0.7553351521492004,0.5303085446357727,0.2745693519610957,0.7553351521492004,0.5991939892447146
S2B D1 hierarchical Morgan Huber,val_strain_only,Parthenolide,24,88568,0.7051483392715454,0.48751699924468994,0.32343610573009623,0.7051483392715454,0.6202917532291573
S2B D1 hierarchical Morgan Huber,val_strain_only,Rapamycin,72,259073,0.7898473143577576,0.5458430051803589,0.16583265655442211,0.7898473143577576,0.5555769995329501
S2B D1 hierarchical Morgan Huber,val_strain_only,SDS,72,255928,0.7651605606079102,0.5250072479248047,0.20870076002298704,0.7651605606079102,0.5718092588540526
S2B D1 hierarchical Morgan Huber,val_strain_only,Sorbitol,72,253614,0.7962085604667664,0.5384476184844971,0.1869778977377284,0.7962085604667664,0.5747908238504184
S2B D1 hierarchical Morgan Huber,val_strain_only,Staurosporine,24,91760,0.7000042200088501,0.4760144352912903,0.30939925114400907,0.7000042200088501,0.6121621621621621
S2B D1 hierarchical Morgan Huber,val_strain_only,Trichostatin A,24,87658,0.7344817519187927,0.5126238465309143,0.2589003427063641,0.7344817519187927,0.586004700084419
S2B D1 hierarchical Morgan Huber,val_strain_only,Trifluoperazine dihydrochloride,24,91600,0.7007628679275513,0.4771779775619507,0.324888991254137,0.7007628679275513,0.6203602620087336
S2B D1 hierarchical Morgan Huber,val_strain_only,Tunicamycin,24,87789,0.7199447751045227,0.49170053005218506,0.2570510171673649,0.7199447751045227,0.5959858296597523
S2B D1 hierarchical Morgan Huber,val_strain_only,U-73122,24,91663,0.7049429416656494,0.48381131887435913,0.28224429331946027,0.7049429416656494,0.5989003196491496
S2B D1 hierarchical Morgan Huber,val_strain_only,Valinomycin,24,87445,0.7193595170974731,0.494062602519989,0.23259747881601955,0.7193595170974731,0.5789925095774486
S2B D1 hierarchical Morgan Huber,val_strain_only,Wortmannin,24,90466,0.7693515419960022,0.5404343605041504,0.2461351770303247,0.7693515419960022,0.5807375146463865
S2B D2 hierarchical Morgan experimental FC,val_strain_only,"(1R, 2S, 5R) - (-) - Menthol",24,87632,0.7242843508720398,0.5013090372085571,0.24629868512066297,0.7242843508720398,0.584683677195545
S2B D2 hierarchical Morgan experimental FC,val_strain_only,1-10 Phenanthroline monohydrate,48,174947,0.7211381196975708,0.4965841472148895,0.24891420108407017,0.7211381196975708,0.5878351729380898
S2B D2 hierarchical Morgan experimental FC,val_strain_only,4-Hydroxytamoxifen,24,87104,0.8483670949935913,0.6226717233657837,0.2797128662283231,0.8483670949935913,0.588078618662748
S2B D2 hierarchical Morgan experimental FC,val_strain_only,Amiodarone hydrochloride,23,73670,0.9251194000244141,0.6847971677780151,0.2309077662279168,0.9251194000244141,0.5598208225872132
S2B D2 hierarchical Morgan experimental FC,val_strain_only,Anisomycin,48,183200,0.713279664516449,0.49011629819869995,0.2945029208375281,0.713279664516449,0.603367903930131
S2B D2 hierarchical Morgan experimental FC,val_strain_only,Artemisinin,24,87987,0.7398015856742859,0.5108751058578491,0.17418704414518507,0.7398015856742859,0.5574232557082296
S2B D2 hierarchical Morgan experimental FC,val_strain_only,Brefeldin A,48,179607,0.7203039526939392,0.4941011071205139,0.2640399150362412,0.7203039526939392,0.5956115296174426
S2B D2 hierarchical Morgan experimental FC,val_strain_only,CHX,51,179518,0.740591824054718,0.5089104175567627,0.2725442167731218,0.740591824054718,0.5974999721476398
S2B D2 hierarchical Morgan experimental FC,val_strain_only,Cisplatin,72,256795,0.750285267829895,0.5170091390609741,0.23195493007708304,0.750285267829895,0.5810043030432835
S2B D2 hierarchical Morgan experimental FC,val_strain_only,Clomiphene citrate,24,87849,0.7240522503852844,0.5015194416046143,0.2559231187072064,0.7240522503852844,0.583421552891894
S2B D2 hierarchical Morgan experimental FC,val_strain_only,Clotrimazole,24,91638,0.7155227065086365,0.49032580852508545,0.30704963534911034,0.7155227065086365,0.6047382090399179
S2B D2 hierarchical Morgan experimental FC,val_strain_only,Cyclopiazonic acid,24,73547,0.8944665193557739,0.6565073728561401,0.33725620414876073,0.8944665193557739,0.6072171536568453
S2B D2 hierarchical Morgan experimental FC,val_strain_only,Desipramine hydrochloride,23,87358,0.7081710696220398,0.4875686764717102,0.33670976549862264,0.7081710696220398,0.6187870601433183
S2B D2 hierarchical Morgan experimental FC,val_strain_only,Dyclonine hydrochloride,13,49963,0.701744556427002,0.477606862783432,0.2800572165500473,0.701744556427002,0.5979424774333006
S2B D2 hierarchical Morgan experimental FC,val_strain_only,EDTA,144,518606,0.7500123977661133,0.5157724022865295,0.25353814734303487,0.7500123977661133,0.5854984323359159
S2B D2 hierarchical Morgan experimental FC,val_strain_only,Emodin,24,86728,0.7269639372825623,0.5021254420280457,0.2729570474600316,0.7269639372825623,0.5955400793284752
S2B D2 hierarchical Morgan experimental FC,val_strain_only,Geldanamycin,24,87891,0.7212356328964233,0.4942459762096405,0.2514884706135507,0.7212356328964233,0.5883310008988406
S2B D2 hierarchical Morgan experimental FC,val_strain_only,Haloperidol,24,91401,0.7105388641357422,0.48674291372299194,0.312404988941581,0.7105388641357422,0.6158357129571886
S2B D2 hierarchical Morgan experimental FC,val_strain_only,Harmine hydrochloride,24,86918,0.7539424300193787,0.5258777737617493,0.21845074358235123,0.7539424300193787,0.5798453714995743
S2B D2 hierarchical Morgan experimental FC,val_strain_only,Hoechst 33258,23,83761,0.8279247879981995,0.5922631621360779,0.25098348183083696,0.8279247879981995,0.5888181850741993
S2B D2 hierarchical Morgan experimental FC,val_strain_only,LY 294002 hydrochloride,24,88180,0.7324000597000122,0.49877169728279114,0.2642644391116468,0.7324000597000122,0.5941823542753459
S2B D2 hierarchical Morgan experimental FC,val_strain_only,NaCl,72,254240,0.8024784922599792,0.5395756959915161,0.16740135698807873,0.8024784922599792,0.5712987728130899
S2B D2 hierarchical Morgan experimental FC,val_strain_only,Nigericin,24,89166,0.7180715203285217,0.49476802349090576,0.30552454955413,0.7180715203285217,0.6119821456609021
S2B D2 hierarchical Morgan experimental FC,val_strain_only,Nocodazole,24,84550,0.7300229668617249,0.4996812641620636,0.2573340046325773,0.7300229668617249,0.5860910703725606
S2B D2 hierarchical Morgan experimental FC,val_strain_only,Nystatin dihydrate,24,87755,0.7077881097793579,0.4828134775161743,0.3401462268097291,0.7077881097793579,0.6281579397185345
S2B D2 hierarchical Morgan experimental FC,val_strain_only,Oligomycin,24,78659,0.7792153358459473,0.5554639101028442,0.2900713505777961,0.7792153358459473,0.5997660788975196
S2B D2 hierarchical Morgan experimental FC,val_strain_only,Parthenolide,24,88568,0.7311399579048157,0.5139354467391968,0.3209287821186432,0.7311399579048157,0.6150980037936953
S2B D2 hierarchical Morgan experimental FC,val_strain_only,Rapamycin,72,259073,0.7896240949630737,0.5461183786392212,0.17318177906262194,0.7896240949630737,0.5578389102685344
S2B D2 hierarchical Morgan experimental FC,val_strain_only,SDS,72,255928,0.7679715156555176,0.5273042917251587,0.21174772600491207,0.7679715156555176,0.5715943546622487
S2B D2 hierarchical Morgan experimental FC,val_strain_only,Sorbitol,72,253614,0.7868828177452087,0.5318507552146912,0.2047954737113814,0.7868828177452087,0.5808709298382582
S2B D2 hierarchical Morgan experimental FC,val_strain_only,Staurosporine,24,91760,0.7118585705757141,0.48506784439086914,0.300547802944577,0.7118585705757141,0.6095466434176111
S2B D2 hierarchical Morgan experimental FC,val_strain_only,Trichostatin A,24,87658,0.7439025044441223,0.5201326012611389,0.25464453143991655,0.7439025044441223,0.5846927833169819
S2B D2 hierarchical Morgan experimental FC,val_strain_only,Trifluoperazine dihydrochloride,24,91600,0.713564395904541,0.48720285296440125,0.31938927860763167,0.713564395904541,0.6157314410480349
S2B D2 hierarchical Morgan experimental FC,val_strain_only,Tunicamycin,24,87789,0.7230256795883179,0.4935638904571533,0.25506730595489435,0.7230256795883179,0.5965667680461105
S2B D2 hierarchical Morgan experimental FC,val_strain_only,U-73122,24,91663,0.713505208492279,0.4921993017196655,0.27566827552823037,0.713505208492279,0.593129179712643
S2B D2 hierarchical Morgan experimental FC,val_strain_only,Valinomycin,24,87445,0.7332055568695068,0.5062200427055359,0.22352765692381668,0.7332055568695068,0.5762936703070501
S2B D2 hierarchical Morgan experimental FC,val_strain_only,Wortmannin,24,90466,0.7163211107254028,0.49363788962364197,0.3118696750741308,0.7163211107254028,0.6107930051068909
S2B D0 hierarchical none Huber,val_both,Amphotericin B,71,253697,0.8272536993026733,0.5767679810523987,0.21720771037575354,0.8272536993026733,0.5687729850963945
S2B D0 hierarchical none Huber,val_both,FCCP,72,255059,0.8209790587425232,0.5697693824768066,0.20872472240016934,0.8209790587425232,0.5676372917638663
S2B D0 hierarchical none Huber,val_both,Hydroxyurea,72,257801,0.8452264666557312,0.5884630680084229,0.16851480479212094,0.8452264666557312,0.5583764221240414
S2B D0 hierarchical none Huber,val_both,Pentamidine isethionate,24,84151,0.7109260559082031,0.48940974473953247,0.2753034887070797,0.7109260559082031,0.5973785219426982
S2B D0 hierarchical none Huber,val_both,Raloxifene hydrochloride,6,21911,0.7510542273521423,0.522166907787323,0.25638943834590233,0.7510542273521423,0.5998356989639907
S2B D0 hierarchical none Huber,val_both,Sulfometuron methyl,24,87815,0.6984810829162598,0.4816737473011017,0.2608278080907746,0.6984810829162598,0.5898650572225702
S2B D1 hierarchical Morgan Huber,val_both,Amphotericin B,71,253697,0.938712477684021,0.6697897911071777,0.22209217314340138,0.938712477684021,0.5648036831338171
S2B D1 hierarchical Morgan Huber,val_both,FCCP,72,255059,0.8688492178916931,0.6103639006614685,0.20340955289944324,0.8688492178916931,0.5629403392940457
S2B D1 hierarchical Morgan Huber,val_both,Hydroxyurea,72,257801,0.7818447351455688,0.5411007404327393,0.18003401664743524,0.7818447351455688,0.5613981326682208
S2B D1 hierarchical Morgan Huber,val_both,Pentamidine isethionate,24,84151,0.7504530549049377,0.5299046635627747,0.2608832975821461,0.7504530549049377,0.5830114912478759
S2B D1 hierarchical Morgan Huber,val_both,Raloxifene hydrochloride,6,21911,0.7707101106643677,0.5405411124229431,0.2691025566682444,0.7707101106643677,0.6151704623248596
S2B D1 hierarchical Morgan Huber,val_both,Sulfometuron methyl,24,87815,0.7075681090354919,0.4838569462299347,0.2610486143741778,0.7075681090354919,0.5908557763480043
S2B D2 hierarchical Morgan experimental FC,val_both,Amphotericin B,71,253697,0.9125285744667053,0.6486915349960327,0.22122008991435924,0.9125285744667053,0.5653555225327852
S2B D2 hierarchical Morgan experimental FC,val_both,FCCP,72,255059,0.803860604763031,0.5592172741889954,0.21439136769806827,0.803860604763031,0.5710482672636528
S2B D2 hierarchical Morgan experimental FC,val_both,Hydroxyurea,72,257801,0.7728965282440186,0.5338438749313354,0.19602197055159262,0.7728965282440186,0.5694935240747708
S2B D2 hierarchical Morgan experimental FC,val_both,Pentamidine isethionate,24,84151,0.7198004126548767,0.5038989782333374,0.2688862566008189,0.7198004126548767,0.5885729224845813
S2B D2 hierarchical Morgan experimental FC,val_both,Raloxifene hydrochloride,6,21911,0.7879408001899719,0.5526415109634399,0.26062451745411463,0.7879408001899719,0.6124777509013737
S2B D2 hierarchical Morgan experimental FC,val_both,Sulfometuron methyl,24,87815,0.7166447043418884,0.4935736656188965,0.2561771721966381,0.7166447043418884,0.5877469680578489
S2B D0 hierarchical none Huber,val_time,"(1R, 2S, 5R) - (-) - Menthol",5,18772,0.4587838351726532,0.30805596709251404,0.431177382413131,0.4587838351726532,0.6389835925847006
S2B D0 hierarchical none Huber,val_time,4-Hydroxytamoxifen,1,1348,1.2927002906799316,0.9582183361053467,0.3283539819108867,1.2927002906799316,0.6172106824925816
S2B D0 hierarchical none Huber,val_time,Amiodarone hydrochloride,2,3957,0.9309177994728088,0.6619951128959656,0.3518012807846794,0.9309177994728088,0.6292645943896892
S2B D0 hierarchical none Huber,val_time,Anisomycin,4,15592,0.5843614339828491,0.42107248306274414,0.2269215935273143,0.5843614339828491,0.5466906105695228
S2B D0 hierarchical none Huber,val_time,Artemisinin,3,11216,0.4491296708583832,0.3166940212249756,0.35307843893504787,0.4491296708583832,0.5978067047075606
S2B D0 hierarchical none Huber,val_time,Brefeldin A,10,37695,0.5208448171615601,0.34937435388565063,0.2370753331916796,0.5208448171615601,0.5829685634699562
S2B D0 hierarchical none Huber,val_time,CHX,3,11109,0.5642089247703552,0.4245961606502533,0.5583418963235269,0.5642089247703552,0.6912413358538122
S2B D0 hierarchical none Huber,val_time,Cisplatin,8,28666,0.46918797492980957,0.33191439509391785,0.35583050995299226,0.46918797492980957,0.6218865555012907
S2B D0 hierarchical none Huber,val_time,Clomiphene citrate,3,11308,0.4899078905582428,0.345525324344635,0.4042086826585452,0.4899078905582428,0.6268128758401132
S2B D0 hierarchical none Huber,val_time,Clotrimazole,2,7647,0.5171518921852112,0.32947444915771484,0.40154517132429224,0.5171518921852112,0.6176278279063685
S2B D0 hierarchical none Huber,val_time,Cyclopiazonic acid,5,15046,0.7374001741409302,0.5286814570426941,0.3199079128060037,0.7374001741409302,0.6284726837697727
S2B D0 hierarchical none Huber,val_time,Desipramine hydrochloride,2,7573,0.4506795406341553,0.32373684644699097,0.36660852352987683,0.4506795406341553,0.5692592103525683
S2B D0 hierarchical none Huber,val_time,Dyclonine hydrochloride,3,11585,0.5726021528244019,0.38524290919303894,0.21801104797232584,0.5726021528244019,0.5621924902891671
S2B D0 hierarchical none Huber,val_time,EDTA,12,43852,0.553768515586853,0.3935092091560364,0.35201732867006436,0.553768515586853,0.6023214448599836
S2B D0 hierarchical none Huber,val_time,Emodin,1,3549,0.5596007704734802,0.4298361539840698,0.21867349709187991,0.5596007704734802,0.5097210481825867
S2B D0 hierarchical none Huber,val_time,Geldanamycin,3,11398,0.4803522229194641,0.33029767870903015,0.28019268260475266,0.4803522229194641,0.602386383576066
S2B D0 hierarchical none Huber,val_time,Haloperidol,3,11241,0.534950852394104,0.379802942276001,0.4106918963610672,0.534950852394104,0.6363312872520238
S2B D0 hierarchical none Huber,val_time,Harmine hydrochloride,4,14734,0.5148302912712097,0.35938870906829834,0.3545176755445415,0.5148302912712097,0.601533867245826
S2B D0 hierarchical none Huber,val_time,Hoechst 33258,3,10997,0.695555567741394,0.49832776188850403,0.2852578565563995,0.695555567741394,0.577612076020733
S2B D0 hierarchical none Huber,val_time,LY 294002 hydrochloride,1,3659,0.6695433259010315,0.46610841155052185,0.23058243841891876,0.6695433259010315,0.5528833014484832
S2B D0 hierarchical none Huber,val_time,NaCl,6,14321,0.48883017897605896,0.3391333222389221,0.30872907837195523,0.48883017897605896,0.6063124083513721
S2B D0 hierarchical none Huber,val_time,Nigericin,3,10307,0.5948277711868286,0.41559940576553345,0.33158492116297367,0.5948277711868286,0.6182206267585136
S2B D0 hierarchical none Huber,val_time,Nocodazole,3,11312,0.5450996160507202,0.37195679545402527,0.2766410944917066,0.5450996160507202,0.6307461103253182
S2B D0 hierarchical none Huber,val_time,Nystatin dihydrate,1,3682,0.4583989679813385,0.3084425628185272,0.2488232225893248,0.4583989679813385,0.6045627376425855
S2B D0 hierarchical none Huber,val_time,Oligomycin,1,3478,0.44513335824012756,0.31238698959350586,0.5178419155505091,0.44513335824012756,0.6866014951121334
S2B D0 hierarchical none Huber,val_time,Parthenolide,2,6160,0.8057572841644287,0.5784915089607239,0.18762259944346735,0.8057572841644287,0.5840909090909091
S2B D0 hierarchical none Huber,val_time,Rapamycin,7,21776,0.5043982863426208,0.3558318614959717,0.33635279634955156,0.5043982863426208,0.6366182953710507
S2B D0 hierarchical none Huber,val_time,SDS,6,21587,0.5865402221679688,0.42250576615333557,0.2510689328600947,0.5865402221679688,0.5806735535275861
S2B D0 hierarchical none Huber,val_time,Sorbitol,10,28829,0.5499981045722961,0.4020068347454071,0.4151133135082989,0.5499981045722961,0.601547053314371
S2B D0 hierarchical none Huber,val_time,Staurosporine,3,11688,0.43939831852912903,0.2950972616672516,0.3780780178572735,0.43939831852912903,0.6532340862422998
S2B D0 hierarchical none Huber,val_time,Trichostatin A,6,22699,0.6182550191879272,0.4452507197856903,0.28916237244145737,0.6182550191879272,0.5637693290453324
S2B D0 hierarchical none Huber,val_time,Trifluoperazine dihydrochloride,1,3903,0.4540073871612549,0.3100564181804657,0.3828007952495329,0.4540073871612549,0.614655393287215
S2B D0 hierarchical none Huber,val_time,Tunicamycin,2,7673,0.5134369134902954,0.349501371383667,0.2796863107587839,0.5134369134902954,0.5722663886354751
S2B D0 hierarchical none Huber,val_time,U-73122,3,11691,0.42730745673179626,0.29162654280662537,0.39142591574404334,0.42730745673179626,0.6303994525703532
S2B D0 hierarchical none Huber,val_time,Valinomycin,3,11328,0.4144175350666046,0.29360732436180115,0.3356580748394796,0.4144175350666046,0.5968396892655368
S2B D0 hierarchical none Huber,val_time,Wortmannin,4,15015,0.5583698749542236,0.3886740207672119,0.376578032554531,0.5583698749542236,0.6277722277722277
S2B D1 hierarchical Morgan Huber,val_time,"(1R, 2S, 5R) - (-) - Menthol",5,18772,0.42626702785491943,0.2951105833053589,0.4615147774396391,0.42626702785491943,0.6231621564031536
S2B D1 hierarchical Morgan Huber,val_time,4-Hydroxytamoxifen,1,1348,1.0080885887145996,0.7396060824394226,0.6910143694274934,1.0080885887145996,0.7640949554896143
S2B D1 hierarchical Morgan Huber,val_time,Amiodarone hydrochloride,2,3957,0.7607011198997498,0.5526808500289917,0.6466887503375528,0.7607011198997498,0.7197371746272428
S2B D1 hierarchical Morgan Huber,val_time,Anisomycin,4,15592,0.536751389503479,0.3828410506248474,0.2996259228768674,0.536751389503479,0.5822857875833761
S2B D1 hierarchical Morgan Huber,val_time,Artemisinin,3,11216,0.4188977777957916,0.30059537291526794,0.3645834737297622,0.4188977777957916,0.6150142653352354
S2B D1 hierarchical Morgan Huber,val_time,Brefeldin A,10,37695,0.4789799153804779,0.3324848413467407,0.2694418383481295,0.4789799153804779,0.5741875580315692
S2B D1 hierarchical Morgan Huber,val_time,CHX,3,11109,0.521045446395874,0.36301279067993164,0.5543726122717788,0.521045446395874,0.70825456836799
S2B D1 hierarchical Morgan Huber,val_time,Cisplatin,8,28666,0.4753599464893341,0.33668097853660583,0.35098542632129165,0.4753599464893341,0.6214330565827112
S2B D1 hierarchical Morgan Huber,val_time,Clomiphene citrate,3,11308,0.49067816138267517,0.34645673632621765,0.4180310317649069,0.49067816138267517,0.6414927484966395
S2B D1 hierarchical Morgan Huber,val_time,Clotrimazole,2,7647,0.4487468898296356,0.30336543917655945,0.46218087019680715,0.4487468898296356,0.6301817706290048
S2B D1 hierarchical Morgan Huber,val_time,Cyclopiazonic acid,5,15046,0.6581026911735535,0.46427246928215027,0.5337183846023549,0.6581026911735535,0.6940715140236607
S2B D1 hierarchical Morgan Huber,val_time,Desipramine hydrochloride,2,7573,0.45198312401771545,0.32682421803474426,0.3524094836448872,0.45198312401771545,0.6167965139310709
S2B D1 hierarchical Morgan Huber,val_time,Dyclonine hydrochloride,3,11585,0.56110018491745,0.3728470504283905,0.21975659576323095,0.56110018491745,0.6271040138109625
S2B D1 hierarchical Morgan Huber,val_time,EDTA,12,43852,0.48286598920822144,0.33446377515792847,0.39480653693134987,0.48286598920822144,0.6406321262428167
S2B D1 hierarchical Morgan Huber,val_time,Emodin,1,3549,0.5182499289512634,0.38563454151153564,0.24501346938682766,0.5182499289512634,0.5826993519301211
S2B D1 hierarchical Morgan Huber,val_time,Geldanamycin,3,11398,0.5031830072402954,0.34886184334754944,0.2812086000615319,0.5031830072402954,0.5900157922442534
S2B D1 hierarchical Morgan Huber,val_time,Haloperidol,3,11241,0.6416199803352356,0.47177109122276306,0.33240723777077597,0.6416199803352356,0.5873142958811494
S2B D1 hierarchical Morgan Huber,val_time,Harmine hydrochloride,4,14734,0.5101780295372009,0.3652953803539276,0.3655816135082252,0.5101780295372009,0.5877562101262386
S2B D1 hierarchical Morgan Huber,val_time,Hoechst 33258,3,10997,0.6527236700057983,0.4655705690383911,0.32987381688710565,0.6527236700057983,0.5952532508866054
S2B D1 hierarchical Morgan Huber,val_time,LY 294002 hydrochloride,1,3659,0.7047367095947266,0.5021215081214905,0.2790588470277061,0.7047367095947266,0.5698278218092375
S2B D1 hierarchical Morgan Huber,val_time,NaCl,6,14321,0.488243967294693,0.3391697406768799,0.3074129377275543,0.488243967294693,0.6014244815306193
S2B D1 hierarchical Morgan Huber,val_time,Nigericin,3,10307,0.5710715651512146,0.41528525948524475,0.4336221501455683,0.5710715651512146,0.6240419132628311
S2B D1 hierarchical Morgan Huber,val_time,Nocodazole,3,11312,0.48572975397109985,0.3389664590358734,0.35271896597853025,0.48572975397109985,0.6394094766619519
S2B D1 hierarchical Morgan Huber,val_time,Nystatin dihydrate,1,3682,0.4237014949321747,0.2963755130767822,0.23274606950706386,0.4237014949321747,0.6518196632265073
S2B D1 hierarchical Morgan Huber,val_time,Oligomycin,1,3478,0.49900197982788086,0.3669000566005707,0.5099080346207854,0.49900197982788086,0.6673375503162737
S2B D1 hierarchical Morgan Huber,val_time,Parthenolide,2,6160,0.7584090232849121,0.550552248954773,0.3352490588805295,0.7584090232849121,0.6360389610389611
S2B D1 hierarchical Morgan Huber,val_time,Rapamycin,7,21776,0.4420117437839508,0.30645498633384705,0.3605590631668319,0.4420117437839508,0.6329904481998531
S2B D1 hierarchical Morgan Huber,val_time,SDS,6,21587,0.4974832832813263,0.3444317579269409,0.2931916353801507,0.4974832832813263,0.5992495483392782
S2B D1 hierarchical Morgan Huber,val_time,Sorbitol,10,28829,0.48137032985687256,0.33973607420921326,0.45108929528705083,0.48137032985687256,0.6403274480557771
S2B D1 hierarchical Morgan Huber,val_time,Staurosporine,3,11688,0.3931238651275635,0.26865899562835693,0.41748026566473073,0.3931238651275635,0.644678302532512
S2B D1 hierarchical Morgan Huber,val_time,Trichostatin A,6,22699,0.598945140838623,0.42538416385650635,0.2938214260518578,0.598945140838623,0.5836380457288868
S2B D1 hierarchical Morgan Huber,val_time,Trifluoperazine dihydrochloride,1,3903,0.4128052592277527,0.2909231185913086,0.4527439628282849,0.4128052592277527,0.6569305662311042
S2B D1 hierarchical Morgan Huber,val_time,Tunicamycin,2,7673,0.44402486085891724,0.3011554181575775,0.31121608964457403,0.44402486085891724,0.6058907858725401
S2B D1 hierarchical Morgan Huber,val_time,U-73122,3,11691,0.382479727268219,0.2658458650112152,0.3911412777320741,0.382479727268219,0.634590710803182
S2B D1 hierarchical Morgan Huber,val_time,Valinomycin,3,11328,0.3874589204788208,0.2820267677307129,0.3661114204122236,0.3874589204788208,0.6005473163841808
S2B D1 hierarchical Morgan Huber,val_time,Wortmannin,4,15015,0.5017244219779968,0.35724952816963196,0.43306935017674913,0.5017244219779968,0.6380286380286381
S2B D2 hierarchical Morgan experimental FC,val_time,"(1R, 2S, 5R) - (-) - Menthol",5,18772,0.429005891084671,0.29068079590797424,0.4640485210069546,0.429005891084671,0.6348817387598551
S2B D2 hierarchical Morgan experimental FC,val_time,4-Hydroxytamoxifen,1,1348,0.9503822922706604,0.7084932923316956,0.7423041774339108,0.9503822922706604,0.7692878338278932
S2B D2 hierarchical Morgan experimental FC,val_time,Amiodarone hydrochloride,2,3957,0.6815889477729797,0.4982353746891022,0.7282946091106235,0.6815889477729797,0.7667424816780389
S2B D2 hierarchical Morgan experimental FC,val_time,Anisomycin,4,15592,0.5367018580436707,0.3811701536178589,0.3046344892324796,0.5367018580436707,0.5860697793740379
S2B D2 hierarchical Morgan experimental FC,val_time,Artemisinin,3,11216,0.42350831627845764,0.301624596118927,0.373659377395206,0.42350831627845764,0.6167974322396577
S2B D2 hierarchical Morgan experimental FC,val_time,Brefeldin A,10,37695,0.4906575083732605,0.33573174476623535,0.26104678949961874,0.4906575083732605,0.5771322456559226
S2B D2 hierarchical Morgan experimental FC,val_time,CHX,3,11109,0.5128272175788879,0.3611593246459961,0.5808304955672594,0.5128272175788879,0.7131154919434692
S2B D2 hierarchical Morgan experimental FC,val_time,Cisplatin,8,28666,0.4756731390953064,0.33767521381378174,0.35584822783975445,0.4756731390953064,0.6209097885997349
S2B D2 hierarchical Morgan experimental FC,val_time,Clomiphene citrate,3,11308,0.4852777123451233,0.34222638607025146,0.4352615756636391,0.4852777123451233,0.6449416342412452
S2B D2 hierarchical Morgan experimental FC,val_time,Clotrimazole,2,7647,0.4372269809246063,0.2865408957004547,0.47464468369997254,0.4372269809246063,0.6347587289132993
S2B D2 hierarchical Morgan experimental FC,val_time,Cyclopiazonic acid,5,15046,0.6046940088272095,0.42175525426864624,0.6204350807864077,0.6046940088272095,0.7361424963445434
S2B D2 hierarchical Morgan experimental FC,val_time,Desipramine hydrochloride,2,7573,0.4622163474559784,0.33258405327796936,0.36272827934521384,0.4622163474559784,0.6119107355077248
S2B D2 hierarchical Morgan experimental FC,val_time,Dyclonine hydrochloride,3,11585,0.578660786151886,0.3814767599105835,0.21651788118184553,0.578660786151886,0.6253776435045317
S2B D2 hierarchical Morgan experimental FC,val_time,EDTA,12,43852,0.4920937418937683,0.3413882255554199,0.4021146550106483,0.4920937418937683,0.6434370154154885
S2B D2 hierarchical Morgan experimental FC,val_time,Emodin,1,3549,0.5243692398071289,0.39664432406425476,0.23467400261759216,0.5243692398071289,0.5626937165398704
S2B D2 hierarchical Morgan experimental FC,val_time,Geldanamycin,3,11398,0.48700150847435,0.33684512972831726,0.2895157374461062,0.48700150847435,0.593349710475522
S2B D2 hierarchical Morgan experimental FC,val_time,Haloperidol,3,11241,0.627144992351532,0.4586063027381897,0.36447848006932304,0.627144992351532,0.6007472644782492
S2B D2 hierarchical Morgan experimental FC,val_time,Harmine hydrochloride,4,14734,0.5047920942306519,0.3542954623699188,0.3739680261352475,0.5047920942306519,0.6031627528166146
S2B D2 hierarchical Morgan experimental FC,val_time,Hoechst 33258,3,10997,0.6567882299423218,0.46848857402801514,0.3244061652526353,0.6567882299423218,0.5947076475402382
S2B D2 hierarchical Morgan experimental FC,val_time,LY 294002 hydrochloride,1,3659,0.6893154978752136,0.48652175068855286,0.2648971595998163,0.6893154978752136,0.5711943153867177
S2B D2 hierarchical Morgan experimental FC,val_time,NaCl,6,14321,0.4946327209472656,0.3458905816078186,0.31237664424376593,0.4946327209472656,0.6027512045248237
S2B D2 hierarchical Morgan experimental FC,val_time,Nigericin,3,10307,0.5849614143371582,0.42031335830688477,0.4264309075329731,0.5849614143371582,0.6219074415445813
S2B D2 hierarchical Morgan experimental FC,val_time,Nocodazole,3,11312,0.4939108192920685,0.3366251289844513,0.335656683295638,0.4939108192920685,0.6391442715700142
S2B D2 hierarchical Morgan experimental FC,val_time,Nystatin dihydrate,1,3682,0.4233734905719757,0.28384625911712646,0.2492855042061921,0.4233734905719757,0.6629549158066268
S2B D2 hierarchical Morgan experimental FC,val_time,Oligomycin,1,3478,0.5554282069206238,0.41181066632270813,0.5306962502341199,0.5554282069206238,0.6575618171362853
S2B D2 hierarchical Morgan experimental FC,val_time,Parthenolide,2,6160,0.7504863739013672,0.5493184924125671,0.38907286306861805,0.7504863739013672,0.6456168831168831
S2B D2 hierarchical Morgan experimental FC,val_time,Rapamycin,7,21776,0.4475924074649811,0.3091384172439575,0.35586662765053,0.4475924074649811,0.6342762674504041
S2B D2 hierarchical Morgan experimental FC,val_time,SDS,6,21587,0.5012556910514832,0.3484010398387909,0.29238339746055314,0.5012556910514832,0.5968870153333025
S2B D2 hierarchical Morgan experimental FC,val_time,Sorbitol,10,28829,0.47946664690971375,0.3390282690525055,0.47294224565361626,0.47946664690971375,0.6496583301536647
S2B D2 hierarchical Morgan experimental FC,val_time,Staurosporine,3,11688,0.3870292603969574,0.25994396209716797,0.4449838470614106,0.3870292603969574,0.6656399726214921
S2B D2 hierarchical Morgan experimental FC,val_time,Trichostatin A,6,22699,0.5945205688476562,0.42361998558044434,0.30523409205050367,0.5945205688476562,0.5853121282875897
S2B D2 hierarchical Morgan experimental FC,val_time,Trifluoperazine dihydrochloride,1,3903,0.41259893774986267,0.2844228148460388,0.46853764004700543,0.41259893774986267,0.67384063540866
S2B D2 hierarchical Morgan experimental FC,val_time,Tunicamycin,2,7673,0.4591153860092163,0.30542993545532227,0.3012644283006477,0.4591153860092163,0.600938355271732
S2B D2 hierarchical Morgan experimental FC,val_time,U-73122,3,11691,0.3945183753967285,0.27196598052978516,0.39281179988857784,0.3945183753967285,0.6380976819775896
S2B D2 hierarchical Morgan experimental FC,val_time,Valinomycin,3,11328,0.3971458375453949,0.2863846719264984,0.35358380442801607,0.3971458375453949,0.5979872881355932
S2B D2 hierarchical Morgan experimental FC,val_time,Wortmannin,4,15015,0.4847237765789032,0.33702319860458374,0.5007974197998645,0.4847237765789032,0.6708624708624709
