structure,scope,level,rms,max_abs
no_batch,plate_fold_0_holdout,source,0.0,0.0
no_batch,plate_fold_0_holdout,instrument,0.0,0.0
no_batch,plate_fold_0_holdout,plate,0.0,0.0
no_batch,plate_fold_0_holdout,batch,0.0,0.0
flat_batch,plate_fold_0_holdout,source,0.0,0.0
flat_batch,plate_fold_0_holdout,instrument,0.0,0.0
flat_batch,plate_fold_0_holdout,plate,0.0,0.0
flat_batch,plate_fold_0_holdout,batch,0.34567338022127325,0.6313520669937134
hierarchical_batch,plate_fold_0_holdout,source,0.36972697792067905,0.5901628136634827
hierarchical_batch,plate_fold_0_holdout,instrument,0.1333348435954833,0.42388859391212463
hierarchical_batch,plate_fold_0_holdout,plate,0.0,0.0
hierarchical_batch,plate_fold_0_holdout,batch,0.45523820802000503,1.0012617111206055
no_batch,plate_fold_1_holdout,source,0.0,0.0
no_batch,plate_fold_1_holdout,instrument,0.0,0.0
no_batch,plate_fold_1_holdout,plate,0.0,0.0
no_batch,plate_fold_1_holdout,batch,0.0,0.0
flat_batch,plate_fold_1_holdout,source,0.0,0.0
flat_batch,plate_fold_1_holdout,instrument,0.0,0.0
flat_batch,plate_fold_1_holdout,plate,0.0,0.0
flat_batch,plate_fold_1_holdout,batch,0.33909307416614065,0.6305957436561584
hierarchical_batch,plate_fold_1_holdout,source,0.38524884479928967,0.5998583436012268
hierarchical_batch,plate_fold_1_holdout,instrument,0.13949101973925843,0.41221046447753906
hierarchical_batch,plate_fold_1_holdout,plate,0.0,0.0
hierarchical_batch,plate_fold_1_holdout,batch,0.486047315998975,0.9601600170135498
no_batch,plate_fold_2_holdout,source,0.0,0.0
no_batch,plate_fold_2_holdout,instrument,0.0,0.0
no_batch,plate_fold_2_holdout,plate,0.0,0.0
no_batch,plate_fold_2_holdout,batch,0.0,0.0
flat_batch,plate_fold_2_holdout,source,0.0,0.0
flat_batch,plate_fold_2_holdout,instrument,0.0,0.0
flat_batch,plate_fold_2_holdout,plate,0.0,0.0
flat_batch,plate_fold_2_holdout,batch,0.3333302529450523,0.6140044331550598
hierarchical_batch,plate_fold_2_holdout,source,0.38677935030210964,0.5991207361221313
hierarchical_batch,plate_fold_2_holdout,instrument,0.15673303919693748,0.37368011474609375
hierarchical_batch,plate_fold_2_holdout,plate,0.0,0.0
hierarchical_batch,plate_fold_2_holdout,batch,0.5091009511007334,0.917888879776001
no_batch,plate_fold_3_holdout,source,0.0,0.0
no_batch,plate_fold_3_holdout,instrument,0.0,0.0
no_batch,plate_fold_3_holdout,plate,0.0,0.0
no_batch,plate_fold_3_holdout,batch,0.0,0.0
flat_batch,plate_fold_3_holdout,source,0.0,0.0
flat_batch,plate_fold_3_holdout,instrument,0.0,0.0
flat_batch,plate_fold_3_holdout,plate,0.0,0.0
flat_batch,plate_fold_3_holdout,batch,0.3322008257479815,0.6291112303733826
hierarchical_batch,plate_fold_3_holdout,source,0.3568566701522402,0.6055142283439636
hierarchical_batch,plate_fold_3_holdout,instrument,0.15847739104054268,0.40068933367729187
hierarchical_batch,plate_fold_3_holdout,plate,0.0,0.0
hierarchical_batch,plate_fold_3_holdout,batch,0.4716175732706715,0.9295449256896973
no_batch,plate_fold_4_holdout,source,0.0,0.0
no_batch,plate_fold_4_holdout,instrument,0.0,0.0
no_batch,plate_fold_4_holdout,plate,0.0,0.0
no_batch,plate_fold_4_holdout,batch,0.0,0.0
flat_batch,plate_fold_4_holdout,source,0.0,0.0
flat_batch,plate_fold_4_holdout,instrument,0.0,0.0
flat_batch,plate_fold_4_holdout,plate,0.0,0.0
flat_batch,plate_fold_4_holdout,batch,0.29749933811287216,0.49945807456970215
hierarchical_batch,plate_fold_4_holdout,source,0.36599064516323726,0.5808224081993103
hierarchical_batch,plate_fold_4_holdout,instrument,0.16625451103283,0.4080352187156677
hierarchical_batch,plate_fold_4_holdout,plate,0.0,0.0
hierarchical_batch,plate_fold_4_holdout,batch,0.4689787427842183,0.9780248999595642
no_batch,instrument_fold_0_holdout,source,0.0,0.0
no_batch,instrument_fold_0_holdout,instrument,0.0,0.0
no_batch,instrument_fold_0_holdout,plate,0.0,0.0
no_batch,instrument_fold_0_holdout,batch,0.0,0.0
flat_batch,instrument_fold_0_holdout,source,0.0,0.0
flat_batch,instrument_fold_0_holdout,instrument,0.0,0.0
flat_batch,instrument_fold_0_holdout,plate,0.0,0.0
flat_batch,instrument_fold_0_holdout,batch,0.158179539452734,0.2502390444278717
hierarchical_batch,instrument_fold_0_holdout,source,0.2990634488705198,0.47283291816711426
hierarchical_batch,instrument_fold_0_holdout,instrument,0.0,0.0
hierarchical_batch,instrument_fold_0_holdout,plate,0.0,0.0
hierarchical_batch,instrument_fold_0_holdout,batch,0.2990634488705198,0.47283291816711426
no_batch,instrument_fold_1_holdout,source,0.0,0.0
no_batch,instrument_fold_1_holdout,instrument,0.0,0.0
no_batch,instrument_fold_1_holdout,plate,0.0,0.0
no_batch,instrument_fold_1_holdout,batch,0.0,0.0
flat_batch,instrument_fold_1_holdout,source,0.0,0.0
flat_batch,instrument_fold_1_holdout,instrument,0.0,0.0
flat_batch,instrument_fold_1_holdout,plate,0.0,0.0
flat_batch,instrument_fold_1_holdout,batch,0.29444562238811595,0.4789618253707886
hierarchical_batch,instrument_fold_1_holdout,source,0.34124470999199513,0.5629653334617615
hierarchical_batch,instrument_fold_1_holdout,instrument,0.0,0.0
hierarchical_batch,instrument_fold_1_holdout,plate,0.0,0.0
hierarchical_batch,instrument_fold_1_holdout,batch,0.34124470999199513,0.5629653334617615
no_batch,instrument_fold_2_holdout,source,0.0,0.0
no_batch,instrument_fold_2_holdout,instrument,0.0,0.0
no_batch,instrument_fold_2_holdout,plate,0.0,0.0
no_batch,instrument_fold_2_holdout,batch,0.0,0.0
flat_batch,instrument_fold_2_holdout,source,0.0,0.0
flat_batch,instrument_fold_2_holdout,instrument,0.0,0.0
flat_batch,instrument_fold_2_holdout,plate,0.0,0.0
flat_batch,instrument_fold_2_holdout,batch,0.37479765425044803,0.5725358724594116
hierarchical_batch,instrument_fold_2_holdout,source,0.3928697870963674,0.6342342495918274
hierarchical_batch,instrument_fold_2_holdout,instrument,0.0,0.0
hierarchical_batch,instrument_fold_2_holdout,plate,0.0,0.0
hierarchical_batch,instrument_fold_2_holdout,batch,0.3928697870963674,0.6342342495918274
no_batch,instrument_fold_3_holdout,source,0.0,0.0
no_batch,instrument_fold_3_holdout,instrument,0.0,0.0
no_batch,instrument_fold_3_holdout,plate,0.0,0.0
no_batch,instrument_fold_3_holdout,batch,0.0,0.0
flat_batch,instrument_fold_3_holdout,source,0.0,0.0
flat_batch,instrument_fold_3_holdout,instrument,0.0,0.0
flat_batch,instrument_fold_3_holdout,plate,0.0,0.0
flat_batch,instrument_fold_3_holdout,batch,0.23479403487889877,0.35787925124168396
hierarchical_batch,instrument_fold_3_holdout,source,0.26213062548149096,0.40207716822624207
hierarchical_batch,instrument_fold_3_holdout,instrument,0.0,0.0
hierarchical_batch,instrument_fold_3_holdout,plate,0.0,0.0
hierarchical_batch,instrument_fold_3_holdout,batch,0.26213062548149096,0.40207716822624207
no_batch,instrument_fold_4_holdout,source,0.0,0.0
no_batch,instrument_fold_4_holdout,instrument,0.0,0.0
no_batch,instrument_fold_4_holdout,plate,0.0,0.0
no_batch,instrument_fold_4_holdout,batch,0.0,0.0
flat_batch,instrument_fold_4_holdout,source,0.0,0.0
flat_batch,instrument_fold_4_holdout,instrument,0.0,0.0
flat_batch,instrument_fold_4_holdout,plate,0.0,0.0
flat_batch,instrument_fold_4_holdout,batch,0.117853272756811,0.2043517529964447
hierarchical_batch,instrument_fold_4_holdout,source,0.31785782412281705,0.5032436847686768
hierarchical_batch,instrument_fold_4_holdout,instrument,0.0,0.0
hierarchical_batch,instrument_fold_4_holdout,plate,0.0,0.0
hierarchical_batch,instrument_fold_4_holdout,batch,0.31785782412281705,0.5032436847686768
no_batch,validation_controls,source,0.0,0.0
no_batch,validation_controls,instrument,0.0,0.0
no_batch,validation_controls,plate,0.0,0.0
no_batch,validation_controls,batch,0.0,0.0
flat_batch,validation_controls,source,0.0,0.0
flat_batch,validation_controls,instrument,0.0,0.0
flat_batch,validation_controls,plate,0.0,0.0
flat_batch,validation_controls,batch,0.6083981164918498,1.364807367324829
hierarchical_batch,validation_controls,source,0.5206343808290133,1.051267147064209
hierarchical_batch,validation_controls,instrument,0.1862724912940223,0.5882687568664551
hierarchical_batch,validation_controls,plate,0.04459229594960706,0.2861925959587097
hierarchical_batch,validation_controls,batch,0.6507221414068585,1.7857710123062134
