chemical_id,raw_name,normalized_name,pert_ids,chemical_roles,seen_splits,first_seen_split,seen_in_train,seen_in_validation,seen_in_test,n_metadata_rows,query_name,used_alias,match_source,candidate_cids,pubchem_cid,pubchem_query_endpoint,query_date,raw_response_sha256,pubchem_smiles_field,canonical_smiles,isomeric_smiles,inchikey,molecular_formula,pubchem_title,mapping_status,mapping_confidence,special_control_type,cas_number,structure_issue,decision_reason,raw_structure_smiles,raw_structure_inchikey,parent_smiles,parent_inchikey,standardization_operations,structure_valid
"(1R, 2S, 5R) - (-) - Menthol","(1R, 2S, 5R) - (-) - Menthol","(1R, 2S, 5R)-(-)-Menthol",#4,train,train|val_strain_only|val_time|test_strain_only|test_time,train,True,True,True,144,"(1R, 2S, 5R)-(-)-Menthol",(-)-menthol,manual_override+pubchem_name_synonym,16666,16666,"https://pubchem.ncbi.nlm.nih.gov/rest/pug/compound/cid/16666/property/ConnectivitySMILES,SMILES,InChIKey,MolecularFormula,IUPACName,Title/JSON",2026-08-13,fbfc1748cfbb386bfb21964a4b487153d17c908ce3bd58db1ff68f55de4dd691|f8fa4401bde56b3b3e976252909affbfb8d800ee16d0e43eca06142d14b68956|f8fa4401bde56b3b3e976252909affbfb8d800ee16d0e43eca06142d14b68956|82c4e587d0eb1f53645e37d482139f15f219be5c961bf382c6fc3984357b5fe5|efcde9bf2a7e7e44052abb35371f7e41ea54c5e4819058d45b08a3dec76c9fce,ConnectivitySMILES|SMILES,CC1CCC(C(C1)O)C(C)C,C[C@@H]1CC[C@H]([C@@H](C1)O)C(C)C,NOOLISFMXDJSKH-KXUCPTDWSA-N,C10H20O,(-)-Menthol,confirmed,high,,,stereochemistry|name_not_exact_synonym,Alias (-)-menthol/L-menthol resolves uniquely and preserves the stated stereochemistry.,C[C@@H]1CC[C@H]([C@@H](C1)O)C(C)C,NOOLISFMXDJSKH-KXUCPTDWSA-N,CC(C)[C@@H]1CC[C@@H](C)C[C@H]1O,NOOLISFMXDJSKH-KXUCPTDWSA-N,Chem.MolFromSmiles(sanitize=True); rdMolStandardize.Cleanup(default parameters); Chem.SanitizeMol; Chem.GetSymmSSSR,True
(S)-(+)-Camptothecin,(S)-(+)-Camptothecin,(S)-(+)-Camptothecin,#5,test,test_chem_only|test_both,test_chem_only,False,False,True,144,(S)-(+)-Camptothecin,(S)-(+)-Camptothecin,manual_override+pubchem_name_synonym,24360,24360,"https://pubchem.ncbi.nlm.nih.gov/rest/pug/compound/cid/24360/property/ConnectivitySMILES,SMILES,InChIKey,MolecularFormula,IUPACName,Title/JSON",2026-08-13,528582c09524045554e48e6735b6b40b9509b0d59d140c223db0cfa083d2a98c|2f1346a3f5fdc14b36e026ff08b44a80ea38c7a6ff407a3e76a2dd72af4ba643|92a054246303dba3554b9d83df807d18821cc945e11ee5193674e22e5483b75c,ConnectivitySMILES|SMILES,CCC1(C2=C(COC1=O)C(=O)N3CC4=CC5=CC=CC=C5N=C4C3=C2)O,CC[C@@]1(C2=C(COC1=O)C(=O)N3CC4=CC5=CC=CC=C5N=C4C3=C2)O,VSJKWCGYPAHWDS-FQEVSTJZSA-N,C20H16N2O4,Camptothecin,confirmed,high,,,stereochemistry,Exact stereochemical name resolves uniquely to PubChem camptothecin CID 24360.,CC[C@@]1(C2=C(COC1=O)C(=O)N3CC4=CC5=CC=CC=C5N=C4C3=C2)O,VSJKWCGYPAHWDS-FQEVSTJZSA-N,CC[C@@]1(O)C(=O)OCc2c1cc1n(c2=O)Cc2cc3ccccc3nc2-1,VSJKWCGYPAHWDS-FQEVSTJZSA-N,Chem.MolFromSmiles(sanitize=True); rdMolStandardize.Cleanup(default parameters); Chem.SanitizeMol; Chem.GetSymmSSSR,True
1-10 Phenanthroline monohydrate,1-10 Phenanthroline monohydrate,1-10 Phenanthroline monohydrate,#46|#6,train,train|val_strain_only|test_strain_only|test_time,train,True,True,True,255,1-10 Phenanthroline monohydrate,"1,10-phenanthroline monohydrate",manual_override+pubchem_name_synonym,1318|21226,21226,"https://pubchem.ncbi.nlm.nih.gov/rest/pug/compound/cid/21226/property/ConnectivitySMILES,SMILES,InChIKey,MolecularFormula,IUPACName,Title/JSON",2026-08-13,fbfc1748cfbb386bfb21964a4b487153d17c908ce3bd58db1ff68f55de4dd691|3862cc2b7de704c7af831f38de7436b039155fb89134c4e8feafc1b6a9cefcd8|7e0f6d7925133abfd473725bc23b05758138c455b54b64bf49b5aa423c0ced66|834301aa0303e605b8058f53750a1deb9832458651059b8d038e8a5a18e77359|b0394d57283483bb0c2720846e01f91c9a777c6d03478e1b8bfbe0a48fc049cf|372ff609e0314370c1512f25fd65e9c0dbf72f0ddf5bb2724aaec1d7b3ef25b0|19f25a54ce8985a30fbbeafa9c35d64f2a0acd6e065ed6230c8f068da79ff36e,ConnectivitySMILES|SMILES,C1=CC2=C(C3=C(C=CC=N3)C=C2)N=C1.O,C1=CC2=C(C3=C(C=CC=N3)C=C2)N=C1.O,PPQJCISYYXZCAE-UHFFFAOYSA-N,C12H10N2O,"1,10-Phenanthroline hydrate",confirmed,high,,,multiple_candidate_cids|multicomponent_or_salt|name_not_exact_synonym,Selected the hydrate CID rather than anhydrous CID 1318; parent extraction is explicit and retains the raw hydrate structure.,C1=CC2=C(C3=C(C=CC=N3)C=C2)N=C1.O,PPQJCISYYXZCAE-UHFFFAOYSA-N,c1cnc2c(c1)ccc1cccnc12,DGEZNRSVGBDHLK-UHFFFAOYSA-N,Chem.MolFromSmiles(sanitize=True); rdMolStandardize.Cleanup(default parameters); rdMolStandardize.FragmentParent(default parameters; manually approved); Chem.SanitizeMol; Chem.GetSymmSSSR,True
4-Hydroxytamoxifen,4-Hydroxytamoxifen,4-Hydroxytamoxifen,#7,train,train|val_strain_only|val_time|test_strain_only|test_time,train,True,True,True,143,4-Hydroxytamoxifen,4-Hydroxytamoxifen,manual_override+pubchem_name_synonym,449459,449459,"https://pubchem.ncbi.nlm.nih.gov/rest/pug/compound/cid/449459/property/ConnectivitySMILES,SMILES,InChIKey,MolecularFormula,IUPACName,Title/JSON",2026-08-13,24f03eb5205f00308e3fc8af4577e4d969ec5894bd9fb99a1200f7392f6fa687|1155c86724981467ecfb94500dc5e63fc720011eb5e1c0f42436aeeaa30cf2c6|de1a4ed59de4885a0523a8787f219e6e291795539bbc3a794bc2f4aacfd492c8,ConnectivitySMILES|SMILES,CCC(=C(C1=CC=C(C=C1)O)C2=CC=C(C=C2)OCCN(C)C)C3=CC=CC=C3,CC/C(=C(\C1=CC=C(C=C1)O)/C2=CC=C(C=C2)OCCN(C)C)/C3=CC=CC=C3,TXUZVZSFRXZGTL-QPLCGJKRSA-N,C26H29NO2,4-Hydroxytamoxifen,confirmed,high,,,,Exact name resolves uniquely and PubChem title agrees.,CC/C(=C(\C1=CC=C(C=C1)O)/C2=CC=C(C=C2)OCCN(C)C)/C3=CC=CC=C3,TXUZVZSFRXZGTL-QPLCGJKRSA-N,CC/C(=C(\c1ccc(O)cc1)c1ccc(OCCN(C)C)cc1)c1ccccc1,TXUZVZSFRXZGTL-QPLCGJKRSA-N,Chem.MolFromSmiles(sanitize=True); rdMolStandardize.Cleanup(default parameters); Chem.SanitizeMol; Chem.GetSymmSSSR,True
Abietic acid,Abietic acid,Abietic acid,#3,test,test_chem_only|test_both,test_chem_only,False,False,True,143,Abietic acid,Abietic acid,manual_override+pubchem_name_synonym,10569,10569,"https://pubchem.ncbi.nlm.nih.gov/rest/pug/compound/cid/10569/property/ConnectivitySMILES,SMILES,InChIKey,MolecularFormula,IUPACName,Title/JSON",2026-08-13,b2a24604cc4ff613d9274114824094162735d728f4a22ee1e96bf6a95c0205ca|c4ac89b0a200d5a6bd4cad44831b1f824da01aa01672d3db5af332dd07d123fc|3c2b36d13bee7267af87c6bcfd43731903e8cfbbce3f451fc7d0411894f0d77d,ConnectivitySMILES|SMILES,CC(C)C1=CC2=CCC3C(C2CC1)(CCCC3(C)C(=O)O)C,CC(C)C1=CC2=CC[C@@H]3[C@@]([C@H]2CC1)(CCC[C@@]3(C)C(=O)O)C,RSWGJHLUYNHPMX-ONCXSQPRSA-N,C20H30O2,Abietic Acid,confirmed,high,,,stereochemistry,Exact name resolves uniquely and PubChem title agrees.,CC(C)C1=CC2=CC[C@@H]3[C@@]([C@H]2CC1)(CCC[C@@]3(C)C(=O)O)C,RSWGJHLUYNHPMX-ONCXSQPRSA-N,CC(C)C1=CC2=CC[C@@H]3[C@](C)(CCC[C@@]3(C)C(=O)O)[C@H]2CC1,RSWGJHLUYNHPMX-ONCXSQPRSA-N,Chem.MolFromSmiles(sanitize=True); rdMolStandardize.Cleanup(default parameters); Chem.SanitizeMol; Chem.GetSymmSSSR,True
Amiodarone hydrochloride,Amiodarone hydrochloride,Amiodarone hydrochloride,#8,train,train|val_strain_only|val_time|test_strain_only|test_time,train,True,True,True,143,Amiodarone hydrochloride,Amiodarone hydrochloride,manual_override+pubchem_name_synonym,441325,441325,"https://pubchem.ncbi.nlm.nih.gov/rest/pug/compound/cid/441325/property/ConnectivitySMILES,SMILES,InChIKey,MolecularFormula,IUPACName,Title/JSON",2026-08-13,353b6f183d637f443f370a306ac3077012e591fe1c0b6ad31d6022cd8e45a65b|4f6dcc9b405bad8215b4ef8875585a0feb2f4d08a2ded00a44b85c7b89951555|7de7969c67e324bde739e838a2974244b6aebaaec164e87e2290c0718583a413,ConnectivitySMILES|SMILES,CCCCC1=C(C2=CC=CC=C2O1)C(=O)C3=CC(=C(C(=C3)I)OCCN(CC)CC)I.Cl,CCCCC1=C(C2=CC=CC=C2O1)C(=O)C3=CC(=C(C(=C3)I)OCCN(CC)CC)I.Cl,ITPDYQOUSLNIHG-UHFFFAOYSA-N,C25H30ClI2NO3,Amiodarone Hydrochloride,confirmed,medium,,,multicomponent_or_salt,Exact hydrochloride entry selected; chloride removal for model parent is explicitly approved while raw salt is retained.,CCCCC1=C(C2=CC=CC=C2O1)C(=O)C3=CC(=C(C(=C3)I)OCCN(CC)CC)I.Cl,ITPDYQOUSLNIHG-UHFFFAOYSA-N,CCCCc1oc2ccccc2c1C(=O)c1cc(I)c(OCCN(CC)CC)c(I)c1,IYIKLHRQXLHMJQ-UHFFFAOYSA-N,Chem.MolFromSmiles(sanitize=True); rdMolStandardize.Cleanup(default parameters); rdMolStandardize.FragmentParent(default parameters; manually approved); Chem.SanitizeMol; Chem.GetSymmSSSR,True
Amphotericin B,Amphotericin B,Amphotericin B,#9,val,val_chem_only|val_both|test_both,val_chem_only,False,True,True,422,Amphotericin B,Amphotericin B,manual_override+pubchem_name_synonym,5280965,5280965,"https://pubchem.ncbi.nlm.nih.gov/rest/pug/compound/cid/5280965/property/ConnectivitySMILES,SMILES,InChIKey,MolecularFormula,IUPACName,Title/JSON",2026-08-13,f1ea5d225d6410d6b05d584f62ecfcf77f4cbac86c38fcc7ff3614a09f576f91|81f28988515a4410829612551f84ec422d721ae6c03e974a97f281a249f7d6dc|8d598186d516b649cacb4dfdf2d5781fabf45e75023cf566e5f6563ddfff68d9,ConnectivitySMILES|SMILES,CC1C=CC=CC=CC=CC=CC=CC=CC(CC2C(C(CC(O2)(CC(CC(C(CCC(CC(CC(=O)OC(C(C1O)C)C)O)O)O)O)O)O)O)C(=O)O)OC3C(C(C(C(O3)C)O)N)O,C[C@H]1/C=C/C=C/C=C/C=C/C=C/C=C/C=C/[C@@H](C[C@H]2[C@@H]([C@H](C[C@](O2)(C[C@H](C[C@H]([C@@H](CC[C@H](C[C@H](CC(=O)O[C@H]([C@@H]([C@@H]1O)C)C)O)O)O)O)O)O)O)C(=O)O)O[C@H]3[C@H]([C@H]([C@@H]([C@H](O3)C)O)N)O,APKFDSVGJQXUKY-INPOYWNPSA-N,C47H73NO17,Amphotericin B,confirmed,high,,,stereochemistry,Exact name resolves uniquely and PubChem title agrees.,C[C@H]1/C=C/C=C/C=C/C=C/C=C/C=C/C=C/[C@@H](C[C@H]2[C@@H]([C@H](C[C@](O2)(C[C@H](C[C@H]([C@@H](CC[C@H](C[C@H](CC(=O)O[C@H]([C@@H]([C@@H]1O)C)C)O)O)O)O)O)O)O)C(=O)O)O[C@H]3[C@H]([C@H]([C@@H]([C@H](O3)C)O)N)O,APKFDSVGJQXUKY-INPOYWNPSA-N,C[C@@H]1[C@H](O)[C@@H](C)/C=C/C=C/C=C/C=C/C=C/C=C/C=C/[C@H](O[C@@H]2O[C@H](C)[C@@H](O)[C@H](N)[C@@H]2O)C[C@@H]2O[C@](O)(C[C@@H](O)C[C@@H](O)[C@H](O)CC[C@@H](O)C[C@@H](O)CC(=O)O[C@H]1C)C[C@H](O)[C@H]2C(=O)O,APKFDSVGJQXUKY-INPOYWNPSA-N,Chem.MolFromSmiles(sanitize=True); rdMolStandardize.Cleanup(default parameters); Chem.SanitizeMol; Chem.GetSymmSSSR,True
Anisomycin,Anisomycin,Anisomycin,#45|#9,train,train|val_strain_only|val_time|test_strain_only|test_time,train,True,True,True,288,Anisomycin,Anisomycin,manual_override+pubchem_name_synonym,253602,253602,"https://pubchem.ncbi.nlm.nih.gov/rest/pug/compound/cid/253602/property/ConnectivitySMILES,SMILES,InChIKey,MolecularFormula,IUPACName,Title/JSON",2026-08-13,b4c5e330a18d5ac8f0e8ceb45d60043f4a9da6cff80fb66358c722c29e54cf1c|c0a252e7e7384572bb2f0b7d7cff01ea2b0d4993b44db86286a96a34df705892|90e1faeff8c0223091af5baea58c0e704fcb8065f563cb98b2dd7de1ee4ba98b,ConnectivitySMILES|SMILES,CC(=O)OC1C(CNC1CC2=CC=C(C=C2)OC)O,CC(=O)O[C@@H]1[C@H](CN[C@@H]1CC2=CC=C(C=C2)OC)O,YKJYKKNCCRKFSL-RDBSUJKOSA-N,C14H19NO4,Anisomycin,confirmed,high,,,stereochemistry,Exact name resolves uniquely and PubChem title agrees.,CC(=O)O[C@@H]1[C@H](CN[C@@H]1CC2=CC=C(C=C2)OC)O,YKJYKKNCCRKFSL-RDBSUJKOSA-N,COc1ccc(C[C@H]2NC[C@H](O)[C@H]2OC(C)=O)cc1,YKJYKKNCCRKFSL-RDBSUJKOSA-N,Chem.MolFromSmiles(sanitize=True); rdMolStandardize.Cleanup(default parameters); Chem.SanitizeMol; Chem.GetSymmSSSR,True
Artemisinin,Artemisinin,Artemisinin,#10,train,train|val_strain_only|val_time|test_strain_only|test_time,train,True,True,True,143,Artemisinin,Artemisinin,manual_override+pubchem_name_synonym,68827,68827,"https://pubchem.ncbi.nlm.nih.gov/rest/pug/compound/cid/68827/property/ConnectivitySMILES,SMILES,InChIKey,MolecularFormula,IUPACName,Title/JSON",2026-08-13,d6149dce4ddd5443dec82a4ec15eab8a021ca019f77afaa3534e587a3e16d3c5|920c2d8c636c3bebdfc89403f47d1867369bbeebdbc95cd3c08408d346f65b27|f0109781d3416f55de7da0a1b4dea0e47a600a50d2022cba483a9ddc1529e0fc,ConnectivitySMILES|SMILES,CC1CCC2C(C(=O)OC3C24C1CCC(O3)(OO4)C)C,C[C@@H]1CC[C@H]2[C@H](C(=O)O[C@H]3[C@@]24[C@H]1CC[C@](O3)(OO4)C)C,BLUAFEHZUWYNDE-NNWCWBAJSA-N,C15H22O5,Artemisinin,confirmed,high,,,stereochemistry,Exact name resolves uniquely and PubChem title agrees.,C[C@@H]1CC[C@H]2[C@H](C(=O)O[C@H]3[C@@]24[C@H]1CC[C@](O3)(OO4)C)C,BLUAFEHZUWYNDE-NNWCWBAJSA-N,C[C@@H]1CC[C@H]2[C@@H](C)C(=O)O[C@@H]3O[C@@]4(C)CC[C@@H]1[C@]32OO4,BLUAFEHZUWYNDE-NNWCWBAJSA-N,Chem.MolFromSmiles(sanitize=True); rdMolStandardize.Cleanup(default parameters); Chem.SanitizeMol; Chem.GetSymmSSSR,True
Brefeldin A,Brefeldin A,Brefeldin A,#11|#44,train,train|val_strain_only|val_time|test_strain_only|test_time,train,True,True,True,288,Brefeldin A,Brefeldin A,manual_override+pubchem_name_synonym,5287620,5287620,"https://pubchem.ncbi.nlm.nih.gov/rest/pug/compound/cid/5287620/property/ConnectivitySMILES,SMILES,InChIKey,MolecularFormula,IUPACName,Title/JSON",2026-08-13,cc3f749c37ce7d4ef0f72d9a54b851c94f3113a3b8a482089f6866deea6e3d0c|948e287b29decfdc185832e41b8084c5482a1b2d3f6c5b361b5423c8617d2457|8b77d7da363287ab6050d779392b6d734baa790a907e2b942125b24d36830024,ConnectivitySMILES|SMILES,CC1CCCC=CC2CC(CC2C(C=CC(=O)O1)O)O,C[C@H]1CCC/C=C/[C@@H]2C[C@@H](C[C@H]2[C@@H](/C=C/C(=O)O1)O)O,KQNZDYYTLMIZCT-KQPMLPITSA-N,C16H24O4,Brefeldin A,confirmed,high,,,stereochemistry,Exact name resolves uniquely and PubChem title agrees.,C[C@H]1CCC/C=C/[C@@H]2C[C@@H](C[C@H]2[C@@H](/C=C/C(=O)O1)O)O,KQNZDYYTLMIZCT-KQPMLPITSA-N,C[C@H]1CCC/C=C/[C@@H]2C[C@H](O)C[C@H]2[C@H](O)/C=C/C(=O)O1,KQNZDYYTLMIZCT-KQPMLPITSA-N,Chem.MolFromSmiles(sanitize=True); rdMolStandardize.Cleanup(default parameters); Chem.SanitizeMol; Chem.GetSymmSSSR,True
CHX,CHX,CHX,#6,train,train|val_strain_only|val_time|test_strain_only|test_time,train,True,True,True,404,CHX,cycloheximide,manual_override+pubchem_name_synonym,6197,6197,"https://pubchem.ncbi.nlm.nih.gov/rest/pug/compound/cid/6197/property/ConnectivitySMILES,SMILES,InChIKey,MolecularFormula,IUPACName,Title/JSON",2026-08-13,fbfc1748cfbb386bfb21964a4b487153d17c908ce3bd58db1ff68f55de4dd691|1574ed1ffb628313705e06c8316bd68300be7362ee0b6df178ee6147057052df|3314bd708a1c184c8bd10d3e0fc706c3d5bbc75f3c9c8ea610e58589c21ba953|e341e96570a6f31f73852e1fe0ad00d5b3fa72f1551c440be78cb0abd5b0e469,ConnectivitySMILES|SMILES,CC1CC(C(=O)C(C1)C(CC2CC(=O)NC(=O)C2)O)C,C[C@H]1C[C@@H](C(=O)[C@@H](C1)[C@@H](CC2CC(=O)NC(=O)C2)O)C,YPHMISFOHDHNIV-FSZOTQKASA-N,C15H23NO4,Cycloheximide,confirmed,high,,,stereochemistry|name_not_exact_synonym,Competition abbreviation was expanded to cycloheximide; both alias and returned title support CID 6197.,C[C@H]1C[C@@H](C(=O)[C@@H](C1)[C@@H](CC2CC(=O)NC(=O)C2)O)C,YPHMISFOHDHNIV-FSZOTQKASA-N,C[C@@H]1C[C@@H]([C@H](O)CC2CC(=O)NC(=O)C2)C(=O)[C@@H](C)C1,YPHMISFOHDHNIV-FSZOTQKASA-N,Chem.MolFromSmiles(sanitize=True); rdMolStandardize.Cleanup(default parameters); Chem.SanitizeMol; Chem.GetSymmSSSR,True
Cisplatin,Cisplatin,Cisplatin,#5,train,train|val_strain_only|val_time|test_strain_only|test_time,train,True,True,True,425,Cisplatin,manual_authoritative_cid,manual_authoritative_cid+pubchem_properties_synonyms,5460033|5702198,5460033,"https://pubchem.ncbi.nlm.nih.gov/rest/pug/compound/cid/5460033/property/ConnectivitySMILES,SMILES,InChIKey,MolecularFormula,IUPACName,Title/JSON",2026-08-13,97e1970d86a4b529fd060294248b36d70d20092bdf1c9c790d33c87bf7b80ad6|702de85c38400e52c8b2f26154d147bb76a652d04647396475df115f2cfda143|5f795d513d72c28e6ba5e256067b8e7c70cb0c7373022cca5127b8c9f8e0830d|eb31539d3c2a9284c4462eb0b9d1b5785bc94e0f10bd1fc0dcddaf875af5c706|7166bf346a2b4c1d324486425208634b3c7069597aaaeea25a132eecebe10ac4,ConnectivitySMILES|SMILES,N.N.Cl[Pt]Cl,N.N.Cl[Pt]Cl,LXZZYRPGZAFOLE-UHFFFAOYSA-L,Cl2H6N2Pt,Cisplatin,confirmed,high,,,multiple_candidate_cids|multicomponent_or_salt|name_not_exact_synonym|身份已确认，但当前 Morgan/RDKit 特征体系不适用,"Identity confirmed against the official PubChem Cisplatin record CID 5460033. The intact platinum coordination structure is retained, but the current ordinary-organic Morgan/RDKit feature system is not applicable; explicit zero-feature fallback is used without fragment removal.",N.N.Cl[Pt]Cl,LXZZYRPGZAFOLE-UHFFFAOYSA-L,,,identity confirmed; full PubChem structure retained; RDKit/Morgan feature generation disabled,False
Clomiphene citrate,Clomiphene citrate,Clomiphene citrate,#12,train,train|val_strain_only|val_time|test_strain_only|test_time,train,True,True,True,144,Clomiphene citrate,Clomiphene citrate,manual_override+pubchem_name_synonym,60974,60974,"https://pubchem.ncbi.nlm.nih.gov/rest/pug/compound/cid/60974/property/ConnectivitySMILES,SMILES,InChIKey,MolecularFormula,IUPACName,Title/JSON",2026-08-13,08a2319ed33195669cbbb803c165e65e21b90ca955c58179f3483243072352b3|bd8088b6907ab0130be31adf3eeb82245d653c16dfed5d3d5fcaf4d81d2662dd|32a7cfd494c1229089eeaaa694630ae66e8449afe3e1892e384fee1d76bb295d,ConnectivitySMILES|SMILES,CCN(CC)CCOC1=CC=C(C=C1)C(=C(C2=CC=CC=C2)Cl)C3=CC=CC=C3.C(C(=O)O)C(CC(=O)O)(C(=O)O)O,CCN(CC)CCOC1=CC=C(C=C1)C(=C(C2=CC=CC=C2)Cl)C3=CC=CC=C3.C(C(=O)O)C(CC(=O)O)(C(=O)O)O,PYTMYKVIJXPNBD-UHFFFAOYSA-N,C32H36ClNO8,Clostilbegit,confirmed,medium,,,multicomponent_or_salt,Exact citrate salt entry selected; citrate removal for model parent is explicitly approved while raw salt is retained.,CCN(CC)CCOC1=CC=C(C=C1)C(=C(C2=CC=CC=C2)Cl)C3=CC=CC=C3.C(C(=O)O)C(CC(=O)O)(C(=O)O)O,PYTMYKVIJXPNBD-UHFFFAOYSA-N,CCN(CC)CCOc1ccc(C(=C(Cl)c2ccccc2)c2ccccc2)cc1,GKIRPKYJQBWNGO-UHFFFAOYSA-N,Chem.MolFromSmiles(sanitize=True); rdMolStandardize.Cleanup(default parameters); rdMolStandardize.FragmentParent(default parameters; manually approved); Chem.SanitizeMol; Chem.GetSymmSSSR,True
Clotrimazole,Clotrimazole,Clotrimazole,#13,train,train|val_strain_only|val_time|test_strain_only|test_time,train,True,True,True,144,Clotrimazole,Clotrimazole,manual_override+pubchem_name_synonym,2812,2812,"https://pubchem.ncbi.nlm.nih.gov/rest/pug/compound/cid/2812/property/ConnectivitySMILES,SMILES,InChIKey,MolecularFormula,IUPACName,Title/JSON",2026-08-13,245bed8709d59cf0e30f03c299c64017258ecd37aa1907c20abd0c7d5e6c6ce1|3b176dbc9ff0d6e9a00c515f0e124ba928dd556a74577185d6d23c7bd60d9237|ee2ca9e8ea0e6d5f4f1796c9416f409bdeca81abfe1dc841ab0a6fde65a504d7,ConnectivitySMILES|SMILES,C1=CC=C(C=C1)C(C2=CC=CC=C2)(C3=CC=CC=C3Cl)N4C=CN=C4,C1=CC=C(C=C1)C(C2=CC=CC=C2)(C3=CC=CC=C3Cl)N4C=CN=C4,VNFPBHJOKIVQEB-UHFFFAOYSA-N,C22H17ClN2,Clotrimazole,confirmed,high,,,,Exact name resolves uniquely and PubChem title agrees.,C1=CC=C(C=C1)C(C2=CC=CC=C2)(C3=CC=CC=C3Cl)N4C=CN=C4,VNFPBHJOKIVQEB-UHFFFAOYSA-N,Clc1ccccc1C(c1ccccc1)(c1ccccc1)n1ccnc1,VNFPBHJOKIVQEB-UHFFFAOYSA-N,Chem.MolFromSmiles(sanitize=True); rdMolStandardize.Cleanup(default parameters); Chem.SanitizeMol; Chem.GetSymmSSSR,True
Cyclopiazonic acid,Cyclopiazonic acid,Cyclopiazonic acid,#14,train,train|val_strain_only|val_time|test_strain_only|test_time,train,True,True,True,139,Cyclopiazonic acid,Cyclopiazonic acid,manual_override+pubchem_name_synonym,54682463,54682463,"https://pubchem.ncbi.nlm.nih.gov/rest/pug/compound/cid/54682463/property/ConnectivitySMILES,SMILES,InChIKey,MolecularFormula,IUPACName,Title/JSON",2026-08-13,9c04ca5e8793e6dc9bc68ab390c65cec232bef13001ea1c1278bc43cad102fcd|a5bb7cff079df4f3969a7b3b1199152644984284de7c92f8c325ee5764b7b660|c89a0bb4a29d4655eb754d2b3fc5e78443df7f07f8ffa0caae9758cca8d28689,ConnectivitySMILES|SMILES,CC(=O)C1=C(C2C3C(CC4=C5C3=CNC5=CC=C4)C(N2C1=O)(C)C)O,CC(=O)C1=C([C@@H]2[C@@H]3[C@@H](CC4=C5C3=CNC5=CC=C4)C(N2C1=O)(C)C)O,SZINUGQCTHLQAZ-DQYPLSBCSA-N,C20H20N2O3,Cyclopiazonic Acid,confirmed,high,,,stereochemistry,Exact name resolves uniquely and PubChem title agrees.,CC(=O)C1=C([C@@H]2[C@@H]3[C@@H](CC4=C5C3=CNC5=CC=C4)C(N2C1=O)(C)C)O,SZINUGQCTHLQAZ-DQYPLSBCSA-N,CC(=O)C1=C(O)[C@@H]2[C@H]3c4c[nH]c5cccc(c45)C[C@H]3C(C)(C)N2C1=O,SZINUGQCTHLQAZ-DQYPLSBCSA-N,Chem.MolFromSmiles(sanitize=True); rdMolStandardize.Cleanup(default parameters); Chem.SanitizeMol; Chem.GetSymmSSSR,True
DMSO,DMSO,DMSO,#12|#2,train,train|val_strain_only|val_time|test_strain_only|test_time,train,True,True,True,569,,,special_control_rule,,,,,,,,,,,,special_control,none,dmso,,special control; model chemistry feature intentionally disabled,Frozen task rule; not encoded as an ordinary perturbation molecule.,,,,,,False
Desipramine hydrochloride,Desipramine hydrochloride,Desipramine hydrochloride,#15,train,train|val_strain_only|val_time|test_strain_only,train,True,True,True,140,Desipramine hydrochloride,Desipramine hydrochloride,manual_override+pubchem_name_synonym,65327,65327,"https://pubchem.ncbi.nlm.nih.gov/rest/pug/compound/cid/65327/property/ConnectivitySMILES,SMILES,InChIKey,MolecularFormula,IUPACName,Title/JSON",2026-08-13,3e680f2c5d637e31a597d2eac3e7b6fc9984e1a83b1e1e1d35beb41adf1d5f07|cbcc6920b5b5f94190703362bbe2345944c79faefe0284d9179e541d14f3757a|527b9e30ce155d0b73aa3c815a96ec0e737e7de390753ca8873986d59fbde520,ConnectivitySMILES|SMILES,CNCCCN1C2=CC=CC=C2CCC3=CC=CC=C31.Cl,CNCCCN1C2=CC=CC=C2CCC3=CC=CC=C31.Cl,XAEWZDYWZHIUCT-UHFFFAOYSA-N,C18H23ClN2,Desipramine Hydrochloride,confirmed,medium,,,multicomponent_or_salt,Exact hydrochloride entry selected; chloride removal for model parent is explicitly approved while raw salt is retained.,CNCCCN1C2=CC=CC=C2CCC3=CC=CC=C31.Cl,XAEWZDYWZHIUCT-UHFFFAOYSA-N,CNCCCN1c2ccccc2CCc2ccccc21,HCYAFALTSJYZDH-UHFFFAOYSA-N,Chem.MolFromSmiles(sanitize=True); rdMolStandardize.Cleanup(default parameters); rdMolStandardize.FragmentParent(default parameters; manually approved); Chem.SanitizeMol; Chem.GetSymmSSSR,True
Doxycycline hyclate,Doxycycline hyclate,Doxycycline hyclate,#16,test,test_chem_only|test_both,test_chem_only,False,False,True,143,Doxycycline hyclate,Doxycycline hyclate,manual_override+pubchem_name_synonym,54671203|54685920|54686183|54686898|54705095|54729367|57514051|57515985|131673820,54705095,"https://pubchem.ncbi.nlm.nih.gov/rest/pug/compound/cid/54705095/property/ConnectivitySMILES,SMILES,InChIKey,MolecularFormula,IUPACName,Title/JSON",2026-08-13,e12fd762da985f3f98656c6cc8cc409beadedff5257ad8c3d8e442bac486718e|803bbd4688cc320a38d6b1519fe6b93e7857193a03fcbec7c8bd5320b87d4f70|5b448a84a70e820f81364070183148aeb2a82edf042f96c3639055c452d6c044|c3759e3d82975a0471ce124fd9cb43100e9244f740519f2bb6360ec1e0017e78|b95436e95bed719ee1b860b38c6bf63db1f80d42adeaa548f50ec09eb4826c3e|b13f40aa908c9210cd81af0e9cbafba9a79750bbb8387bf7d97336d038c68a81|6fb5f7ba9733d8c92ac6fa6f025cf47425000e75ad38a0ab8aa3820b2d97c58a|82491c118c95fce33afdad86d6d519a774cb9373fa4f07c05578c7fa2b968857|8a3ed9d9fbf408b4a9a892054f9667b5101e2754aadbbca233ac34a68aa2b3af|381d6eb91967fe6ec7347a7feef35b0cd6078c89e648278b1981f0fdeed9c1ec|67a2d56574618abfc05ea98a838e120b2795e7c8e33d3dcdfa23eb550a9daace|337636f8adb86653d9c7a18fe4acd4c8c8c0f3c03c1768e981e1a5230edd853d|f586b0a5a3b97258b370c5a615e27b61704cc6f53df64b0d8a5c7cc95b853b52|33cc50666c852c2c9011e4d669dad2b88b5dcd066b38913509e7f8130f09edcb|bf14624e47beb81a2d6f6d4eac4be3498c6512f842d7df9bca3fa2f2a0fe4e92|32f6c5bd7d3da922ce6ec95781fb99ef553a44c8dc29ad62d6d564f71a25a82d|9dc45553cea42f27a7d18807b74754e69dc8e37c44ad3dc1325ba01886898e46|0eb48dd4452797ea3da427c26027eace2e5c817af7e6278ff94cb4819708243e|6ea0b2e161157852297b2bda802eac8d03483a04a0e24a82238594c432f22625,ConnectivitySMILES|SMILES,CCO.CC1C2C(C3C(C(=O)C(=C(C3(C(=O)C2=C(C4=C1C=CC=C4O)O)O)O)C(=O)N)N(C)C)O.O.Cl,CCO.C[C@@H]1[C@H]2[C@@H]([C@H]3[C@@H](C(=O)C(=C([C@]3(C(=O)C2=C(C4=C1C=CC=C4O)O)O)O)C(=O)N)N(C)C)O.O.Cl,DWBSXBGBGHKWOT-WBYAVNBMSA-N,C24H33ClN2O10,Doxycycline hyclate,confirmed,medium,,,multiple_candidate_cids|multicomponent_or_salt|stereochemistry,Selected the PubChem record titled Doxycycline hyclate among nine synonym-linked candidates; removal of counterion/solvate is explicit and raw structure is retained.,CCO.C[C@@H]1[C@H]2[C@@H]([C@H]3[C@@H](C(=O)C(=C([C@]3(C(=O)C2=C(C4=C1C=CC=C4O)O)O)O)C(=O)N)N(C)C)O.O.Cl,DWBSXBGBGHKWOT-WBYAVNBMSA-N,C[C@H]1c2cccc(O)c2C(O)=C2C(=O)[C@]3(O)C(O)=C(C(N)=O)C(=O)[C@@H](N(C)C)[C@@H]3[C@@H](O)[C@@H]21,SGKRLCUYIXIAHR-AKNGSSGZSA-N,Chem.MolFromSmiles(sanitize=True); rdMolStandardize.Cleanup(default parameters); rdMolStandardize.FragmentParent(default parameters; manually approved); Chem.SanitizeMol; Chem.GetSymmSSSR,True
Dyclonine hydrochloride,Dyclonine hydrochloride,Dyclonine hydrochloride,#17,train,train|val_strain_only|val_time|test_strain_only|test_time,train,True,True,True,105,Dyclonine hydrochloride,Dyclonine hydrochloride,manual_override+pubchem_name_synonym,68304,68304,"https://pubchem.ncbi.nlm.nih.gov/rest/pug/compound/cid/68304/property/ConnectivitySMILES,SMILES,InChIKey,MolecularFormula,IUPACName,Title/JSON",2026-08-13,521542111caac03fbfad932f3f6a66de8458e2aeeca61518f41bdc2c40fa34b8|17617c07a4ea82562a213422aa5bdb7ad06ac47bfad6a439c031e3d7648276eb|9499597ce53c8d659f0199b3ab6e834ba030acf8522a418f001a6dc0f38b0cdf,ConnectivitySMILES|SMILES,CCCCOC1=CC=C(C=C1)C(=O)CCN2CCCCC2.Cl,CCCCOC1=CC=C(C=C1)C(=O)CCN2CCCCC2.Cl,KNZADIMHVBBPOA-UHFFFAOYSA-N,C18H28ClNO2,Dyclonine Hydrochloride,confirmed,medium,,,multicomponent_or_salt,Exact hydrochloride entry selected; chloride removal for model parent is explicitly approved while raw salt is retained.,CCCCOC1=CC=C(C=C1)C(=O)CCN2CCCCC2.Cl,KNZADIMHVBBPOA-UHFFFAOYSA-N,CCCCOc1ccc(C(=O)CCN2CCCCC2)cc1,BZEWSEKUUPWQDQ-UHFFFAOYSA-N,Chem.MolFromSmiles(sanitize=True); rdMolStandardize.Cleanup(default parameters); rdMolStandardize.FragmentParent(default parameters; manually approved); Chem.SanitizeMol; Chem.GetSymmSSSR,True
EDTA,EDTA,EDTA,#16|#2,train,train|val_strain_only|val_time|test_strain_only|test_time,train,True,True,True,850,EDTA,EDTA,manual_override+pubchem_name_synonym,6049,6049,"https://pubchem.ncbi.nlm.nih.gov/rest/pug/compound/cid/6049/property/ConnectivitySMILES,SMILES,InChIKey,MolecularFormula,IUPACName,Title/JSON",2026-08-13,6df1d5e1fa511c78e5c694b3f6fdbae9548bb20c14baf41fb968e1a098bad2df|e77c81fc33424aefb68fdf25d789a0684897b20f8ee8ef339f87a49c3a0391f6|12fd71e385c94fc3ec0beb1a779a949a32421cd28347795f0df3315005b07935,ConnectivitySMILES|SMILES,C(CN(CC(=O)O)CC(=O)O)N(CC(=O)O)CC(=O)O,C(CN(CC(=O)O)CC(=O)O)N(CC(=O)O)CC(=O)O,KCXVZYZYPLLWCC-UHFFFAOYSA-N,C10H16N2O8,Ethylenediaminetetraacetic Acid,confirmed,high,,,,Standard abbreviation resolves uniquely to ethylenediaminetetraacetic acid.,C(CN(CC(=O)O)CC(=O)O)N(CC(=O)O)CC(=O)O,KCXVZYZYPLLWCC-UHFFFAOYSA-N,O=C(O)CN(CCN(CC(=O)O)CC(=O)O)CC(=O)O,KCXVZYZYPLLWCC-UHFFFAOYSA-N,Chem.MolFromSmiles(sanitize=True); rdMolStandardize.Cleanup(default parameters); Chem.SanitizeMol; Chem.GetSymmSSSR,True
Emodin,Emodin,Emodin,#18,train,train|val_strain_only|val_time|test_strain_only|test_time,train,True,True,True,144,Emodin,Emodin,manual_override+pubchem_name_synonym,3220,3220,"https://pubchem.ncbi.nlm.nih.gov/rest/pug/compound/cid/3220/property/ConnectivitySMILES,SMILES,InChIKey,MolecularFormula,IUPACName,Title/JSON",2026-08-13,48277b63624af4cbec576fe6de184cad7c364bf114aca69160cc3dd6f886c741|6a5b0ff78358d1f35d6453a55b7b5f5d37e92a063f088f0faa26a3fafa6b1950|331a14bc913f869d5e450d9592e44582fbe91106498003de38bbd57de4459de5,ConnectivitySMILES|SMILES,CC1=CC2=C(C(=C1)O)C(=O)C3=C(C2=O)C=C(C=C3O)O,CC1=CC2=C(C(=C1)O)C(=O)C3=C(C2=O)C=C(C=C3O)O,RHMXXJGYXNZAPX-UHFFFAOYSA-N,C15H10O5,Emodin,confirmed,high,,,,Exact name resolves uniquely and PubChem title agrees.,CC1=CC2=C(C(=C1)O)C(=O)C3=C(C2=O)C=C(C=C3O)O,RHMXXJGYXNZAPX-UHFFFAOYSA-N,Cc1cc(O)c2c(c1)C(=O)c1cc(O)cc(O)c1C2=O,RHMXXJGYXNZAPX-UHFFFAOYSA-N,Chem.MolFromSmiles(sanitize=True); rdMolStandardize.Cleanup(default parameters); Chem.SanitizeMol; Chem.GetSymmSSSR,True
FCCP,FCCP,FCCP,#11,val,val_chem_only|val_both|test_both,val_chem_only,False,True,True,426,FCCP,FCCP,manual_override+pubchem_name_synonym,3330,3330,"https://pubchem.ncbi.nlm.nih.gov/rest/pug/compound/cid/3330/property/ConnectivitySMILES,SMILES,InChIKey,MolecularFormula,IUPACName,Title/JSON",2026-08-13,91ae61aa39b91ee1634cbbf6dfa5ca6f2430c1ad1783e6c5ce9250a96963a6d4|91ae61aa39b91ee1634cbbf6dfa5ca6f2430c1ad1783e6c5ce9250a96963a6d4|9cd2d900aeb32acbea143b892bf5f00309fc5403769322d30905361e1b4660e1|a3870a1a2e3251efe17642ec37516e4e15dc17ea36fa6dafbe9633786b044fb3,ConnectivitySMILES|SMILES,C1=CC(=CC=C1NN=C(C#N)C#N)OC(F)(F)F,C1=CC(=CC=C1NN=C(C#N)C#N)OC(F)(F)F,BMZRVOVNUMQTIN-UHFFFAOYSA-N,C10H5F3N4O,Carbonyl cyanide p-trifluoromethoxyphenylhydrazone,confirmed,high,,,,Abbreviation and expanded alias both resolve to CID 3330.,C1=CC(=CC=C1NN=C(C#N)C#N)OC(F)(F)F,BMZRVOVNUMQTIN-UHFFFAOYSA-N,N#CC(C#N)=NNc1ccc(OC(F)(F)F)cc1,BMZRVOVNUMQTIN-UHFFFAOYSA-N,Chem.MolFromSmiles(sanitize=True); rdMolStandardize.Cleanup(default parameters); Chem.SanitizeMol; Chem.GetSymmSSSR,True
Fluconazole,Fluconazole,Fluconazole,#19,test,test_chem_only|test_both,test_chem_only,False,False,True,143,Fluconazole,Fluconazole,manual_override+pubchem_name_synonym,3365,3365,"https://pubchem.ncbi.nlm.nih.gov/rest/pug/compound/cid/3365/property/ConnectivitySMILES,SMILES,InChIKey,MolecularFormula,IUPACName,Title/JSON",2026-08-13,1e510971cc5249651116216f3b3439c07eecfad6b8a0a06759abe811908a0ba3|e6aa2bbf3c4226d122656471e3074b91a604f1cc31b728af6f951d9c98ac3d09|27c935aa2dfc122d3e4360d206cf0ec0a280551fefa8d85fea08e64e49f9dcc0,ConnectivitySMILES|SMILES,C1=CC(=C(C=C1F)F)C(CN2C=NC=N2)(CN3C=NC=N3)O,C1=CC(=C(C=C1F)F)C(CN2C=NC=N2)(CN3C=NC=N3)O,RFHAOTPXVQNOHP-UHFFFAOYSA-N,C13H12F2N6O,Fluconazole,confirmed,high,,,,Exact name resolves uniquely and PubChem title agrees.,C1=CC(=C(C=C1F)F)C(CN2C=NC=N2)(CN3C=NC=N3)O,RFHAOTPXVQNOHP-UHFFFAOYSA-N,OC(Cn1cncn1)(Cn1cncn1)c1ccc(F)cc1F,RFHAOTPXVQNOHP-UHFFFAOYSA-N,Chem.MolFromSmiles(sanitize=True); rdMolStandardize.Cleanup(default parameters); Chem.SanitizeMol; Chem.GetSymmSSSR,True
G418,G418,G418,#8,test,test_chem_only|test_both,test_chem_only,False,False,True,425,G418,G418,manual_override+pubchem_name_synonym,123865,123865,"https://pubchem.ncbi.nlm.nih.gov/rest/pug/compound/cid/123865/property/ConnectivitySMILES,SMILES,InChIKey,MolecularFormula,IUPACName,Title/JSON",2026-08-13,84aa7e70160f8ce9c860663236fb43090448ed28109084f477aed08e94552266|84aa7e70160f8ce9c860663236fb43090448ed28109084f477aed08e94552266|6b8a03b576131d81ed0f13e026189c86fe6363d30d29ef932fb5af7011ece89f|17d8492a3d295469701b3c2f14e842e9080b8423546adaebb8b3238cce3d1d7e,ConnectivitySMILES|SMILES,CC(C1C(C(C(C(O1)OC2C(CC(C(C2O)OC3C(C(C(CO3)(C)O)NC)O)N)N)N)O)O)O,C[C@H]([C@@H]1[C@H]([C@@H]([C@H]([C@H](O1)O[C@@H]2[C@H](C[C@H]([C@@H]([C@H]2O)O[C@@H]3[C@@H]([C@H]([C@@](CO3)(C)O)NC)O)N)N)N)O)O)O,BRZYSWJRSDMWLG-DJWUNRQOSA-N,C20H40N4O10,Geneticin,confirmed,high,,,stereochemistry,G418 and geneticin aliases both resolve to CID 123865.,C[C@H]([C@@H]1[C@H]([C@@H]([C@H]([C@H](O1)O[C@@H]2[C@H](C[C@H]([C@@H]([C@H]2O)O[C@@H]3[C@@H]([C@H]([C@@](CO3)(C)O)NC)O)N)N)N)O)O)O,BRZYSWJRSDMWLG-DJWUNRQOSA-N,CN[C@@H]1[C@@H](O)[C@@H](O[C@@H]2[C@@H](O)[C@H](O[C@H]3O[C@H]([C@@H](C)O)[C@@H](O)[C@H](O)[C@H]3N)[C@@H](N)C[C@H]2N)OC[C@]1(C)O,BRZYSWJRSDMWLG-DJWUNRQOSA-N,Chem.MolFromSmiles(sanitize=True); rdMolStandardize.Cleanup(default parameters); Chem.SanitizeMol; Chem.GetSymmSSSR,True
Geldanamycin,Geldanamycin,Geldanamycin,#20,train,train|val_strain_only|val_time|test_strain_only|test_time,train,True,True,True,144,Geldanamycin,Geldanamycin,manual_override+pubchem_name_synonym,5288382,5288382,"https://pubchem.ncbi.nlm.nih.gov/rest/pug/compound/cid/5288382/property/ConnectivitySMILES,SMILES,InChIKey,MolecularFormula,IUPACName,Title/JSON",2026-08-13,945df7b2f41821a6722c5906a2e733a9e8c99bdd29306dbd2b75f8bf5cf5197d|0cd56eb71a11b83d4a4ea6a9d3ce0aa6019394ba20f10aa1d54efb24d4058c66|31792b77ddc2fd4c747e6391d42d7bc62e4d15311b974693191f24ba36ee41e0,ConnectivitySMILES|SMILES,CC1CC(C(C(C=C(C(C(C=CC=C(C(=O)NC2=CC(=O)C(=C(C1)C2=O)OC)C)OC)OC(=O)N)C)C)O)OC,C[C@H]1C[C@@H]([C@@H]([C@H](/C=C(/[C@@H]([C@H](/C=C\C=C(\C(=O)NC2=CC(=O)C(=C(C1)C2=O)OC)/C)OC)OC(=O)N)\C)C)O)OC,QTQAWLPCGQOSGP-KSRBKZBZSA-N,C29H40N2O9,Geldanamycin,confirmed,high,,,stereochemistry,Exact name resolves uniquely and PubChem title agrees.,C[C@H]1C[C@@H]([C@@H]([C@H](/C=C(/[C@@H]([C@H](/C=C\C=C(\C(=O)NC2=CC(=O)C(=C(C1)C2=O)OC)/C)OC)OC(=O)N)\C)C)O)OC,QTQAWLPCGQOSGP-KSRBKZBZSA-N,COC1=C2C[C@@H](C)C[C@H](OC)[C@H](O)[C@@H](C)/C=C(\C)[C@H](OC(N)=O)[C@@H](OC)/C=C\C=C(/C)C(=O)NC(=CC1=O)C2=O,QTQAWLPCGQOSGP-KSRBKZBZSA-N,Chem.MolFromSmiles(sanitize=True); rdMolStandardize.Cleanup(default parameters); Chem.SanitizeMol; Chem.GetSymmSSSR,True
H2O2,H2O2,H2O2,#3,test,test_chem_only|test_both,test_chem_only,False,False,True,402,H2O2,H2O2,manual_override+pubchem_name_synonym,784,784,"https://pubchem.ncbi.nlm.nih.gov/rest/pug/compound/cid/784/property/ConnectivitySMILES,SMILES,InChIKey,MolecularFormula,IUPACName,Title/JSON",2026-08-13,dd755c56970749a27078525216b57f46f241e4c6108e5af955b808cdf1983f7e|dd755c56970749a27078525216b57f46f241e4c6108e5af955b808cdf1983f7e|07b87ed7a8d9cd180b36969cc81362e23b3652bd5112d12c324f11eeaa1b77a0|6d204c9ddefe82ebd48056496d9c0a058d67353adf3490b8cd5c91760420d49f,ConnectivitySMILES|SMILES,OO,OO,MHAJPDPJQMAIIY-UHFFFAOYSA-N,H2O2,Hydrogen Peroxide,confirmed,high,,,,Formula abbreviation and hydrogen peroxide alias both resolve to CID 784.,OO,MHAJPDPJQMAIIY-UHFFFAOYSA-N,OO,MHAJPDPJQMAIIY-UHFFFAOYSA-N,Chem.MolFromSmiles(sanitize=True); rdMolStandardize.Cleanup(default parameters); Chem.SanitizeMol; Chem.GetSymmSSSR,True
Haloperidol,Haloperidol,Haloperidol,#21,train,train|val_strain_only|val_time|test_strain_only|test_time,train,True,True,True,144,Haloperidol,Haloperidol,manual_override+pubchem_name_synonym,3559,3559,"https://pubchem.ncbi.nlm.nih.gov/rest/pug/compound/cid/3559/property/ConnectivitySMILES,SMILES,InChIKey,MolecularFormula,IUPACName,Title/JSON",2026-08-13,524c855f80936af178c5f091024976226c8f52c9ac3c69061c3a2ee3391804f9|c895aa6f05443ff39edeaedd558c6e941c5ee5c47cca904a3af04b682018a857|6defe328594f24f3f0ce16832b4fc45d37e14add6ca87e83d5a0be7aef983a1b,ConnectivitySMILES|SMILES,C1CN(CCC1(C2=CC=C(C=C2)Cl)O)CCCC(=O)C3=CC=C(C=C3)F,C1CN(CCC1(C2=CC=C(C=C2)Cl)O)CCCC(=O)C3=CC=C(C=C3)F,LNEPOXFFQSENCJ-UHFFFAOYSA-N,C21H23ClFNO2,Haloperidol,confirmed,high,,,,Exact name resolves uniquely and PubChem title agrees.,C1CN(CCC1(C2=CC=C(C=C2)Cl)O)CCCC(=O)C3=CC=C(C=C3)F,LNEPOXFFQSENCJ-UHFFFAOYSA-N,O=C(CCCN1CCC(O)(c2ccc(Cl)cc2)CC1)c1ccc(F)cc1,LNEPOXFFQSENCJ-UHFFFAOYSA-N,Chem.MolFromSmiles(sanitize=True); rdMolStandardize.Cleanup(default parameters); Chem.SanitizeMol; Chem.GetSymmSSSR,True
Harmine hydrochloride,Harmine hydrochloride,Harmine hydrochloride,#22,train,train|val_strain_only|val_time|test_strain_only|test_time,train,True,True,True,144,Harmine hydrochloride,Harmine hydrochloride,manual_override+pubchem_name_synonym,5359389,5359389,"https://pubchem.ncbi.nlm.nih.gov/rest/pug/compound/cid/5359389/property/ConnectivitySMILES,SMILES,InChIKey,MolecularFormula,IUPACName,Title/JSON",2026-08-13,4be1ba5f753bf8a2ea0178ead5abe67d8125460e728eb672aba8d66672db8b48|ffb94f7bfff19f8af3f15be9a84a657bba100117c2b4bd5b73108c3f8a6f4b77|06214d5a621a1541c55b31fff4a98a07180edc389cee42ab65a55abb7b233511,ConnectivitySMILES|SMILES,CC1=NC=CC2=C1NC3=C2C=CC(=C3)OC.Cl,CC1=NC=CC2=C1NC3=C2C=CC(=C3)OC.Cl,VNPLYCKZIUTKJM-UHFFFAOYSA-N,C13H13ClN2O,Harmine Hydrochloride,confirmed,medium,,,multicomponent_or_salt,Exact hydrochloride entry selected; chloride removal for model parent is explicitly approved while raw salt is retained.,CC1=NC=CC2=C1NC3=C2C=CC(=C3)OC.Cl,VNPLYCKZIUTKJM-UHFFFAOYSA-N,COc1ccc2c(c1)[nH]c1c(C)nccc12,BXNJHAXVSOCGBA-UHFFFAOYSA-N,Chem.MolFromSmiles(sanitize=True); rdMolStandardize.Cleanup(default parameters); rdMolStandardize.FragmentParent(default parameters; manually approved); Chem.SanitizeMol; Chem.GetSymmSSSR,True
Hoechst 33258,Hoechst 33258,Hoechst 33258,#23,train,train|val_strain_only|val_time|test_strain_only|test_time,train,True,True,True,143,Hoechst 33258,Hoechst 33258,manual_override+pubchem_name_synonym,2392|31953|182069|448194|135705211,135705211,"https://pubchem.ncbi.nlm.nih.gov/rest/pug/compound/cid/135705211/property/ConnectivitySMILES,SMILES,InChIKey,MolecularFormula,IUPACName,Title/JSON",2026-08-13,10df00d0803a6da8ee2d643a17fd4f6a5af316a0dd13b8eafe52d06878e718ee|9e5d934e9c55f95e9365fe10aaa0c8a1aeeec99475b237956523b716e41c881b|5ff41082cbca1734dea8c4a6c0ccdcc4e5cfc48d4213e90ea0f20d2f39a1c33f|9a10212c38412c84ac832e48241c40af63b35b7a46652ed1037b60681cbb67ee|09af99178811af5256bb36d62274dbd7888a1d440bce9eff3297a89851b9fabd|e5b31de2909558a584cfb719f3d311785aa85ebca4dc61b99f60b512e76f1326|54c36af5fcba86e18d9b2ff9d9be4227e68c86a6339babc3d2a6f82f24a6d080|073aba78022bf4e259856ad9b29822930f0da0b59d0277aa32b45bf2a41b3624|cc2fb107479c4fe36131494e6931a936cfcaff5168e70c5d17fa95140686ed9f|5b7de9a898c0c81414dbaef1c75e51c452735428675eade557b5159d73318fe6|60107f7f468267fa3254dab71b8f9bc639fe299a2bbb5fe08371555ce27e79fd,ConnectivitySMILES|SMILES,CN1CCN(CC1)C2=CC3=C(C=C2)N=C(N3)C4=CC5=C(C=C4)N=C(N5)C6=CC=C(C=C6)O.O.Cl.Cl.Cl,CN1CCN(CC1)C2=CC3=C(C=C2)N=C(N3)C4=CC5=C(C=C4)N=C(N5)C6=CC=C(C=C6)O.O.Cl.Cl.Cl,MZWWAGMOVQUICZ-UHFFFAOYSA-N,C25H29Cl3N6O2,Hoechst 33258,confirmed,medium,,,multiple_candidate_cids|multicomponent_or_salt,Selected the candidate whose PubChem title is exactly Hoechst 33258; salt/hydrate removal is explicit and raw structure is retained.,CN1CCN(CC1)C2=CC3=C(C=C2)N=C(N3)C4=CC5=C(C=C4)N=C(N5)C6=CC=C(C=C6)O.O.Cl.Cl.Cl,MZWWAGMOVQUICZ-UHFFFAOYSA-N,CN1CCN(c2ccc3nc(-c4ccc5nc(-c6ccc(O)cc6)[nH]c5c4)[nH]c3c2)CC1,INAAIJLSXJJHOZ-UHFFFAOYSA-N,Chem.MolFromSmiles(sanitize=True); rdMolStandardize.Cleanup(default parameters); rdMolStandardize.FragmentParent(default parameters; manually approved); Chem.SanitizeMol; Chem.GetSymmSSSR,True
Hydroxyurea,Hydroxyurea,Hydroxyurea,#14,val,val_chem_only|val_both|test_both,val_chem_only,False,True,True,426,Hydroxyurea,Hydroxyurea,manual_override+pubchem_name_synonym,3657,3657,"https://pubchem.ncbi.nlm.nih.gov/rest/pug/compound/cid/3657/property/ConnectivitySMILES,SMILES,InChIKey,MolecularFormula,IUPACName,Title/JSON",2026-08-13,c8db189d4cd86f4e903f37327fe1ba94a57801002c9c4fd8a523c20d51d98135|54866b3d65ac4a93899b238f07c044db54b8e3f5eee3f7bf5c3940ecaaa2b692|bceb41a7a2d6a92fe18e471eae1eda77f96593fdbfde17df7a40f03ad62a07e6,ConnectivitySMILES|SMILES,C(=O)(N)NO,C(=O)(N)NO,VSNHCAURESNICA-UHFFFAOYSA-N,CH4N2O2,Hydroxyurea,confirmed,high,,,,Exact name resolves uniquely and PubChem title agrees.,C(=O)(N)NO,VSNHCAURESNICA-UHFFFAOYSA-N,NC(=O)NO,VSNHCAURESNICA-UHFFFAOYSA-N,Chem.MolFromSmiles(sanitize=True); rdMolStandardize.Cleanup(default parameters); Chem.SanitizeMol; Chem.GetSymmSSSR,True
Hygromycin B,Hygromycin B,Hygromycin B,#24,test,test_chem_only|test_both,test_chem_only,False,False,True,144,Hygromycin B,Hygromycin B,manual_override+pubchem_name_synonym,56928061,56928061,"https://pubchem.ncbi.nlm.nih.gov/rest/pug/compound/cid/56928061/property/ConnectivitySMILES,SMILES,InChIKey,MolecularFormula,IUPACName,Title/JSON",2026-08-13,45f536aeb0e339fcd08373eaae929d91e967cddf1631ce1c3dc844c590d1fa12|3a88035760506e8114ae105c0c43f0920776c77b46f5e08e297947229fd83bb0|675a114b75ec923d19c82196828136d134809b9a4b5692e48b1a91ee03bf2da0,ConnectivitySMILES|SMILES,CNC1CC(C(C(C1O)OC2C3C(C(C(O2)CO)O)OC4(O3)C(C(C(C(O4)C(CO)N)O)O)O)O)N,CN[C@H]1C[C@H]([C@@H]([C@H]([C@@H]1O)O[C@H]2[C@@H]3[C@H]([C@H]([C@H](O2)CO)O)OC4(O3)[C@@H]([C@H]([C@H]([C@H](O4)[C@H](CO)N)O)O)O)O)N,GRRNUXAQVGOGFE-HUCHGKBZSA-N,C20H37N3O13,Hygromycin B,confirmed,high,,,stereochemistry,Exact name resolves uniquely and PubChem title agrees.,CN[C@H]1C[C@H]([C@@H]([C@H]([C@@H]1O)O[C@H]2[C@@H]3[C@H]([C@H]([C@H](O2)CO)O)OC4(O3)[C@@H]([C@H]([C@H]([C@H](O4)[C@H](CO)N)O)O)O)O)N,GRRNUXAQVGOGFE-HUCHGKBZSA-N,CN[C@H]1C[C@@H](N)[C@H](O)[C@@H](O[C@@H]2O[C@H](CO)[C@H](O)[C@@H]3OC4(O[C@H]23)O[C@H]([C@@H](N)CO)[C@H](O)[C@H](O)[C@H]4O)[C@@H]1O,GRRNUXAQVGOGFE-HUCHGKBZSA-N,Chem.MolFromSmiles(sanitize=True); rdMolStandardize.Cleanup(default parameters); Chem.SanitizeMol; Chem.GetSymmSSSR,True
LY 294002 hydrochloride,LY 294002 hydrochloride,LY 294002 hydrochloride,#25,train,train|val_strain_only|val_time|test_strain_only|test_time,train,True,True,True,144,LY 294002 hydrochloride,LY 294002 hydrochloride,manual_override+pubchem_name_synonym,11957589,11957589,"https://pubchem.ncbi.nlm.nih.gov/rest/pug/compound/cid/11957589/property/ConnectivitySMILES,SMILES,InChIKey,MolecularFormula,IUPACName,Title/JSON",2026-08-13,b98be635acf9f07eddec213e609dbc70e82d8b6769a018300c86843b54b23e68|b98be635acf9f07eddec213e609dbc70e82d8b6769a018300c86843b54b23e68|c211dd17bf5792e8dc04519ab0cd67a7fc964f7a9224dffa0e3fffc0c34e9df9|737324313869bebf7344329583adce478a09b0a3f49085ace8efb4272f16ad91,ConnectivitySMILES|SMILES,C1COCCN1C2=CC(=O)C3=C(O2)C(=CC=C3)C4=CC=CC=C4.Cl,C1COCCN1C2=CC(=O)C3=C(O2)C(=CC=C3)C4=CC=CC=C4.Cl,OQZQSRICUOWBLW-UHFFFAOYSA-N,C19H18ClNO3,2-Morpholin-4-yl-8-phenylchromen-4-one;hydrochloride,confirmed,medium,,,multicomponent_or_salt,Spaced and compact aliases agree on the hydrochloride entry; chloride removal is explicit and raw salt is retained.,C1COCCN1C2=CC(=O)C3=C(O2)C(=CC=C3)C4=CC=CC=C4.Cl,OQZQSRICUOWBLW-UHFFFAOYSA-N,O=c1cc(N2CCOCC2)oc2c(-c3ccccc3)cccc12,CZQHHVNHHHRRDU-UHFFFAOYSA-N,Chem.MolFromSmiles(sanitize=True); rdMolStandardize.Cleanup(default parameters); rdMolStandardize.FragmentParent(default parameters; manually approved); Chem.SanitizeMol; Chem.GetSymmSSSR,True
MMS,MMS,MMS,#4|#47,test,test_chem_only|test_both,test_chem_only,False,False,True,522,MMS,MMS,manual_override+pubchem_name_synonym,4156,4156,"https://pubchem.ncbi.nlm.nih.gov/rest/pug/compound/cid/4156/property/ConnectivitySMILES,SMILES,InChIKey,MolecularFormula,IUPACName,Title/JSON",2026-08-13,62ffd90f2af1ba006c346cb2a0f484369e74a93c26394b93a8b2578fd477551a|62ffd90f2af1ba006c346cb2a0f484369e74a93c26394b93a8b2578fd477551a|42504f76143bf164388bd9774c17f5f2be091a0407282fb435b68699c8e65ae8|71afd2480cc6d9a2dd19616bd727b35c8ba49668249fb59baddb0c32d18bdc05,ConnectivitySMILES|SMILES,COS(=O)(=O)C,COS(=O)(=O)C,MBABOKRGFJTBAE-UHFFFAOYSA-N,C2H6O3S,Methyl Methanesulfonate,confirmed,high,,,,Abbreviation and methyl methanesulfonate alias both resolve to CID 4156.,COS(=O)(=O)C,MBABOKRGFJTBAE-UHFFFAOYSA-N,COS(C)(=O)=O,MBABOKRGFJTBAE-UHFFFAOYSA-N,Chem.MolFromSmiles(sanitize=True); rdMolStandardize.Cleanup(default parameters); Chem.SanitizeMol; Chem.GetSymmSSSR,True
NaCl,NaCl,NaCl,#13,train,train|val_strain_only|val_time|test_strain_only|test_time,train,True,True,True,426,NaCl,NaCl,manual_override+pubchem_name_synonym,5234,5234,"https://pubchem.ncbi.nlm.nih.gov/rest/pug/compound/cid/5234/property/ConnectivitySMILES,SMILES,InChIKey,MolecularFormula,IUPACName,Title/JSON",2026-08-13,17e6c669d7dc8761406df278844035b4548c363c3d69c00298e5aa7d5ea60566|9e0d9f9ab938a48c8b351342a050a9f2c4ed944dedbe1c3896b6338597321fa1|1fa61a76d0d0631dcba17a608f5397d91ec1279c611744145cecd860bbc16b8d,ConnectivitySMILES|SMILES,[Na+].[Cl-],[Na+].[Cl-],FAPWRFPIFSIZLT-UHFFFAOYSA-M,ClNa,Sodium Chloride,confirmed,high,,,multicomponent_or_salt|身份已确认，但当前 Morgan/RDKit 特征体系不适用,"Identity confirmed as sodium chloride CID 5234. The intact [Na+].[Cl-] ionic structure is retained; the current ordinary-organic Morgan/RDKit feature system is not applicable, so explicit zero-feature fallback is used without selecting one ion or removing salt.",[Na+].[Cl-],FAPWRFPIFSIZLT-UHFFFAOYSA-M,,,identity confirmed; full PubChem structure retained; RDKit/Morgan feature generation disabled,False
Neomycin B,Neomycin B,Neomycin B,#26,test,test_chem_only|test_both,test_chem_only,False,False,True,143,Neomycin B,Neomycin B,manual_override+pubchem_name_synonym,8378,8378,"https://pubchem.ncbi.nlm.nih.gov/rest/pug/compound/cid/8378/property/ConnectivitySMILES,SMILES,InChIKey,MolecularFormula,IUPACName,Title/JSON",2026-08-13,061356a11a84a38619d780ee316928f6908d70a01f4fb210a6c500b33dbc7c22|e8ed4783914eedabdf99e6fe48b721fcc7c47f0f68ad90818fdb69956d121b4a|cfad7341df526af4a1b3c7b6a6923b7fa9f7cfc6e1aa2bc6b4034282c374a1f9,ConnectivitySMILES|SMILES,C1C(C(C(C(C1N)OC2C(C(C(C(O2)CN)O)O)N)OC3C(C(C(O3)CO)OC4C(C(C(C(O4)CN)O)O)N)O)O)N,C1[C@H]([C@@H]([C@H]([C@@H]([C@H]1N)O[C@@H]2[C@@H]([C@H]([C@@H]([C@H](O2)CN)O)O)N)O[C@H]3[C@@H]([C@@H]([C@H](O3)CO)O[C@@H]4[C@@H]([C@H]([C@@H]([C@@H](O4)CN)O)O)N)O)O)N,PGBHMTALBVVCIT-VCIWKGPPSA-N,C23H46N6O13,Neomycin,confirmed,high,,,stereochemistry,Exact synonym resolves uniquely to PubChem Neomycin CID 8378.,C1[C@H]([C@@H]([C@H]([C@@H]([C@H]1N)O[C@@H]2[C@@H]([C@H]([C@@H]([C@H](O2)CN)O)O)N)O[C@H]3[C@@H]([C@@H]([C@H](O3)CO)O[C@@H]4[C@@H]([C@H]([C@@H]([C@@H](O4)CN)O)O)N)O)O)N,PGBHMTALBVVCIT-VCIWKGPPSA-N,NC[C@@H]1O[C@H](O[C@H]2[C@@H](O)[C@H](O[C@@H]3[C@@H](O)[C@H](N)C[C@H](N)[C@H]3O[C@H]3O[C@H](CN)[C@@H](O)[C@H](O)[C@H]3N)O[C@@H]2CO)[C@H](N)[C@@H](O)[C@@H]1O,PGBHMTALBVVCIT-VCIWKGPPSA-N,Chem.MolFromSmiles(sanitize=True); rdMolStandardize.Cleanup(default parameters); Chem.SanitizeMol; Chem.GetSymmSSSR,True
Nigericin,Nigericin,Nigericin,#27,train,train|val_strain_only|val_time|test_strain_only|test_time,train,True,True,True,144,Nigericin,Nigericin,manual_override+pubchem_name_synonym,34230,34230,"https://pubchem.ncbi.nlm.nih.gov/rest/pug/compound/cid/34230/property/ConnectivitySMILES,SMILES,InChIKey,MolecularFormula,IUPACName,Title/JSON",2026-08-13,8ddeab142be60a6863b81bc47c27f2cb056cc1c0007bcef9a86628e54afe8c41|c0c1b4535152adb31252a3065cbcaf4840291545bf76128c87212a53eac59d30|b94a5078350e9a427453acdab383f323bd2969e906f17a155d7b852766cae7a0,ConnectivitySMILES|SMILES,CC1CCC(OC1C(C)C(=O)O)CC2CC(C(C3(O2)C(CC(O3)(C)C4CCC(O4)(C)C5C(CC(O5)C6C(CC(C(O6)(CO)O)C)C)C)C)C)OC,C[C@H]1CC[C@@H](O[C@H]1[C@@H](C)C(=O)O)C[C@@H]2C[C@H]([C@H]([C@@]3(O2)[C@@H](C[C@@](O3)(C)[C@H]4CC[C@@](O4)(C)[C@H]5[C@H](C[C@@H](O5)[C@@H]6[C@H](C[C@H]([C@@](O6)(CO)O)C)C)C)C)C)OC,DANUORFCFTYTSZ-SJSJOXFOSA-N,C40H68O11,Nigericin,confirmed,high,,,stereochemistry,Exact name resolves uniquely and PubChem title agrees.,C[C@H]1CC[C@@H](O[C@H]1[C@@H](C)C(=O)O)C[C@@H]2C[C@H]([C@H]([C@@]3(O2)[C@@H](C[C@@](O3)(C)[C@H]4CC[C@@](O4)(C)[C@H]5[C@H](C[C@@H](O5)[C@@H]6[C@H](C[C@H]([C@@](O6)(CO)O)C)C)C)C)C)OC,DANUORFCFTYTSZ-SJSJOXFOSA-N,CO[C@@H]1C[C@@H](C[C@H]2CC[C@H](C)[C@H]([C@@H](C)C(=O)O)O2)O[C@]2(O[C@](C)([C@H]3CC[C@@](C)([C@@H]4O[C@@H]([C@H]5O[C@@](O)(CO)[C@H](C)C[C@@H]5C)C[C@@H]4C)O3)C[C@H]2C)[C@@H]1C,DANUORFCFTYTSZ-SJSJOXFOSA-N,Chem.MolFromSmiles(sanitize=True); rdMolStandardize.Cleanup(default parameters); Chem.SanitizeMol; Chem.GetSymmSSSR,True
Nocodazole,Nocodazole,Nocodazole,#28,train,train|val_strain_only|val_time|test_strain_only|test_time,train,True,True,True,144,Nocodazole,Nocodazole,manual_override+pubchem_name_synonym,4122,4122,"https://pubchem.ncbi.nlm.nih.gov/rest/pug/compound/cid/4122/property/ConnectivitySMILES,SMILES,InChIKey,MolecularFormula,IUPACName,Title/JSON",2026-08-13,eae9b7dbcdf8a2a1bc60651be7efefe37cb09e004bfe800a8791c3b7d86681e4|ca4ee8470dd520443af113de3ef004b5a2b702d5f126fb9e1f1d9e42e18a853c|7fb1ab7d9610f56f8917bec42541712ff24c897ddb7b7c5c62c6385c42cf618b,ConnectivitySMILES|SMILES,COC(=O)NC1=NC2=C(N1)C=C(C=C2)C(=O)C3=CC=CS3,COC(=O)NC1=NC2=C(N1)C=C(C=C2)C(=O)C3=CC=CS3,KYRVNWMVYQXFEU-UHFFFAOYSA-N,C14H11N3O3S,Nocodazole,confirmed,high,,,,Exact name resolves uniquely and PubChem title agrees.,COC(=O)NC1=NC2=C(N1)C=C(C=C2)C(=O)C3=CC=CS3,KYRVNWMVYQXFEU-UHFFFAOYSA-N,COC(=O)Nc1nc2ccc(C(=O)c3cccs3)cc2[nH]1,KYRVNWMVYQXFEU-UHFFFAOYSA-N,Chem.MolFromSmiles(sanitize=True); rdMolStandardize.Cleanup(default parameters); Chem.SanitizeMol; Chem.GetSymmSSSR,True
Nystatin dihydrate,Nystatin dihydrate,Nystatin dihydrate,#29,train,train|val_strain_only|val_time|test_strain_only|test_time,train,True,True,True,144,Nystatin dihydrate,Nystatin dihydrate,manual_override+pubchem_name_synonym,154809619,154809619,"https://pubchem.ncbi.nlm.nih.gov/rest/pug/compound/cid/154809619/property/ConnectivitySMILES,SMILES,InChIKey,MolecularFormula,IUPACName,Title/JSON",2026-08-13,af1461b5550575ce5d490e129b98d7fe800138933591d487d8a4d4a44c3f5d5f|f3c6bd415c3f190600b195804d4dce7f669980890b283a4372ec1c092276d879|838b9ddc76719528e13b8d57191d55b7b36c8215501bdc5dd4e3136ae89e275f,ConnectivitySMILES|SMILES,CC1C=CC=CCCC=CC=CC=CC=CC(CC2C(C(CC(O2)(CC(C(CCC(CC(CC(CC(=O)OC(C(C1O)C)C)O)O)O)O)O)O)O)C(=O)O)OC3C(C(C(C(O3)C)O)N)O.O.O,C[C@@H]1[C@H]([C@@H]([C@@H]([C@@H](O1)OC2CC3C(C(CC(O3)(CC(C(CCC(CC(CC(CC(=O)OC(C(C(C(/C=C/C=C/CC/C=C/C=C/C=C/C=C2)C)O)C)C)O)O)O)O)O)O)O)C(=O)O)O)N)O.O.O,VXWFKTGGEJLHPP-LYAKXBBJSA-N,C47H79NO19,Nystatin dihydrate,confirmed,medium,,,multicomponent_or_salt|stereochemistry,Exact dihydrate entry selected; water removal for model parent is explicitly approved while raw hydrate is retained.,C[C@@H]1[C@H]([C@@H]([C@@H]([C@@H](O1)OC2CC3C(C(CC(O3)(CC(C(CCC(CC(CC(CC(=O)OC(C(C(C(/C=C/C=C/CC/C=C/C=C/C=C/C=C2)C)O)C)C)O)O)O)O)O)O)O)C(=O)O)O)N)O.O.O,VXWFKTGGEJLHPP-LYAKXBBJSA-N,CC1/C=C/C=C/CC/C=C/C=C/C=C/C=CC(O[C@@H]2O[C@H](C)[C@@H](O)[C@H](N)[C@@H]2O)CC2OC(O)(CC(O)C(O)CCC(O)CC(O)CC(O)CC(=O)OC(C)C(C)C1O)CC(O)C2C(=O)O,VQOXZBDYSJBXMA-LRUFXKSPSA-N,Chem.MolFromSmiles(sanitize=True); rdMolStandardize.Cleanup(default parameters); rdMolStandardize.FragmentParent(default parameters; manually approved); Chem.SanitizeMol; Chem.GetSymmSSSR,True
Oligomycin,Oligomycin,Oligomycin,#30,train,train|val_strain_only|val_time|test_strain_only|test_time,train,True,True,True,144,Oligomycin,oligomycin A,manual_override+pubchem_name_synonym,52947716,52947716,"https://pubchem.ncbi.nlm.nih.gov/rest/pug/compound/cid/52947716/property/ConnectivitySMILES,SMILES,InChIKey,MolecularFormula,IUPACName,Title/JSON",2026-08-13,fbfc1748cfbb386bfb21964a4b487153d17c908ce3bd58db1ff68f55de4dd691|673830764f15f57f2ffd7953e9561ed41abb1c2e9a3fc4390f4a19d1259caf0b|8d52d3bd8981da9b3c9403eb4b892e79cbcd5dc4a009a4089754f487cf798abc|0a00c0b433adda1db8bc2668cb8d31233edece14d541157a0b4495da03fe3c6c,ConnectivitySMILES|SMILES,CCC1CCC2C(C(C(C3(O2)CCC(C(O3)CC(C)O)C)C)OC(=O)C=CC(C(C(C(=O)C(C(C(C(=O)C(C(C(CC=CC=C1)C)O)(C)O)C)O)C)C)O)C)C,CC[C@@H]\1CC[C@H]2[C@H]([C@H]([C@@H]([C@]3(O2)CC[C@@H]([C@@H](O3)C[C@@H](C)O)C)C)OC(=O)/C=C/[C@@H]([C@H]([C@@H](C(=O)[C@@H]([C@H]([C@@H](C(=O)[C@]([C@H]([C@@H](C/C=C/C=C1)C)O)(C)O)C)O)C)C)O)C)C,MNULEGDCPYONBU-AWJDAWNUSA-N,C45H74O11,Oligomycin A,proxy,medium,,,stereochemistry|name_not_exact_synonym|proxy_structure,The metadata gives a family name without component identity; Oligomycin A is an explicit proxy and is not claimed as exact.,CC[C@@H]\1CC[C@H]2[C@H]([C@H]([C@@H]([C@]3(O2)CC[C@@H]([C@@H](O3)C[C@@H](C)O)C)C)OC(=O)/C=C/[C@@H]([C@H]([C@@H](C(=O)[C@@H]([C@H]([C@@H](C(=O)[C@]([C@H]([C@@H](C/C=C/C=C1)C)O)(C)O)C)O)C)C)O)C)C,MNULEGDCPYONBU-AWJDAWNUSA-N,CC[C@H]1/C=C/C=C/C[C@@H](C)[C@H](O)[C@@](C)(O)C(=O)[C@@H](C)[C@H](O)[C@@H](C)C(=O)[C@@H](C)[C@H](O)[C@@H](C)/C=C/C(=O)O[C@@H]2[C@H](C)[C@H](CC1)O[C@]1(CC[C@H](C)[C@H](C[C@@H](C)O)O1)[C@H]2C,MNULEGDCPYONBU-AWJDAWNUSA-N,Chem.MolFromSmiles(sanitize=True); rdMolStandardize.Cleanup(default parameters); Chem.SanitizeMol; Chem.GetSymmSSSR,True
Parthenolide,Parthenolide,Parthenolide,#31,train,train|val_strain_only|val_time|test_strain_only|test_time,train,True,True,True,144,Parthenolide,Parthenolide,manual_override+pubchem_name_synonym,6473881,6473881,"https://pubchem.ncbi.nlm.nih.gov/rest/pug/compound/cid/6473881/property/ConnectivitySMILES,SMILES,InChIKey,MolecularFormula,IUPACName,Title/JSON",2026-08-13,2738fad9bc8f83feb9833bf522e885eebc0b9b9ba4adec731138429f51d36be6|f2318449e9f47e532c061376eb1b828c77fb97507d0bbe637a0c83e8a0e9c4ad|be88815729cefeead78465ec516f77c52450579dafe0f89617c836c5f56d0eb6,ConnectivitySMILES|SMILES,CC1=CCCC2(C(O2)C3C(CC1)C(=C)C(=O)O3)C,C/C/1=C\CC[C@@]2([C@@H](O2)[C@@H]3[C@@H](CC1)C(=C)C(=O)O3)C,KTEXNACQROZXEV-SLXBATTESA-N,C15H20O3,Parthenolide,confirmed,high,,,stereochemistry,Exact name resolves uniquely and PubChem title agrees.,C/C/1=C\CC[C@@]2([C@@H](O2)[C@@H]3[C@@H](CC1)C(=C)C(=O)O3)C,KTEXNACQROZXEV-SLXBATTESA-N,C=C1C(=O)O[C@H]2[C@H]1CC/C(C)=C/CC[C@@]1(C)O[C@@H]21,KTEXNACQROZXEV-SLXBATTESA-N,Chem.MolFromSmiles(sanitize=True); rdMolStandardize.Cleanup(default parameters); Chem.SanitizeMol; Chem.GetSymmSSSR,True
Pentamidine isethionate,Pentamidine isethionate,Pentamidine isethionate,#32,val,val_chem_only|val_both|test_both,val_chem_only,False,True,True,143,Pentamidine isethionate,Pentamidine isethionate,manual_override+pubchem_name_synonym,8813,8813,"https://pubchem.ncbi.nlm.nih.gov/rest/pug/compound/cid/8813/property/ConnectivitySMILES,SMILES,InChIKey,MolecularFormula,IUPACName,Title/JSON",2026-08-13,4f5e400b5c99fce728be0b768fc1c1707f5304e072aa9c965084acf54be6383f|4d406837801b25b10a196ded71f64b4626d134b2ad29d8b68833889b742f9465|44738737b8fd843e301fc85d6dbd89ac460cc44f5bd8bb152ac24365808e9681,ConnectivitySMILES|SMILES,C1=CC(=CC=C1C(=N)N)OCCCCCOC2=CC=C(C=C2)C(=N)N.C(CS(=O)(=O)O)O.C(CS(=O)(=O)O)O,C1=CC(=CC=C1C(=N)N)OCCCCCOC2=CC=C(C=C2)C(=N)N.C(CS(=O)(=O)O)O.C(CS(=O)(=O)O)O,YBVNFKZSMZGRAD-UHFFFAOYSA-N,C23H36N4O10S2,Pentamidine Isethionate,confirmed,medium,,,multicomponent_or_salt,Exact isethionate salt entry selected; counterion removal for model parent is explicitly approved while raw salt is retained.,C1=CC(=CC=C1C(=N)N)OCCCCCOC2=CC=C(C=C2)C(=N)N.C(CS(=O)(=O)O)O.C(CS(=O)(=O)O)O,YBVNFKZSMZGRAD-UHFFFAOYSA-N,N=C(N)c1ccc(OCCCCCOc2ccc(C(=N)N)cc2)cc1,XDRYMKDFEDOLFX-UHFFFAOYSA-N,Chem.MolFromSmiles(sanitize=True); rdMolStandardize.Cleanup(default parameters); rdMolStandardize.FragmentParent(default parameters; manually approved); Chem.SanitizeMol; Chem.GetSymmSSSR,True
Plumbagin,Plumbagin,Plumbagin,#33,test,test_chem_only|test_both,test_chem_only,False,False,True,144,Plumbagin,Plumbagin,manual_override+pubchem_name_synonym,10205,10205,"https://pubchem.ncbi.nlm.nih.gov/rest/pug/compound/cid/10205/property/ConnectivitySMILES,SMILES,InChIKey,MolecularFormula,IUPACName,Title/JSON",2026-08-13,afce82573da4ba29ad2e9b87591318481d640dd9d6521932cbb722cd8e4fb184|6f77d617b34a547f9196aea821e29855f9eda6383368e26a3d6718a4b4cec884|a4850f5b6cda5924e41ce3653ceb01721427e64bdb9fe7511e919245c606ede2,ConnectivitySMILES|SMILES,CC1=CC(=O)C2=C(C1=O)C=CC=C2O,CC1=CC(=O)C2=C(C1=O)C=CC=C2O,VCMMXZQDRFWYSE-UHFFFAOYSA-N,C11H8O3,Plumbagin,confirmed,high,,,,Exact name resolves uniquely and PubChem title agrees.,CC1=CC(=O)C2=C(C1=O)C=CC=C2O,VCMMXZQDRFWYSE-UHFFFAOYSA-N,CC1=CC(=O)c2c(O)cccc2C1=O,VCMMXZQDRFWYSE-UHFFFAOYSA-N,Chem.MolFromSmiles(sanitize=True); rdMolStandardize.Cleanup(default parameters); Chem.SanitizeMol; Chem.GetSymmSSSR,True
Quality Control,Quality Control,Quality Control,#48,train,train|val_strain_only|val_time|test_strain_only|test_time,train,True,True,True,144,,,special_control_rule,,,,,,,,,,,,special_control,none,quality_control,,special control; model chemistry feature intentionally disabled,Frozen task rule; not encoded as an ordinary perturbation molecule.,,,,,,False
Raloxifene hydrochloride,Raloxifene hydrochloride,Raloxifene hydrochloride,#34,val,val_chem_only|val_both|test_both,val_chem_only,False,True,True,45,Raloxifene hydrochloride,Raloxifene hydrochloride,manual_override+pubchem_name_synonym,54900,54900,"https://pubchem.ncbi.nlm.nih.gov/rest/pug/compound/cid/54900/property/ConnectivitySMILES,SMILES,InChIKey,MolecularFormula,IUPACName,Title/JSON",2026-08-13,5443034e3dce679bf9de0eff4666010eb2277785496d7fd720233aba3cb0a0a1|83a30166bc1d33d3542f867e74d95a7208551382a873b0ff042c4cc7f70ec9be|7e2eb959568f8b6830b9d982c02d5f4a4d49d6be5a0131410296e5d9befe9d4a,ConnectivitySMILES|SMILES,C1CCN(CC1)CCOC2=CC=C(C=C2)C(=O)C3=C(SC4=C3C=CC(=C4)O)C5=CC=C(C=C5)O.Cl,C1CCN(CC1)CCOC2=CC=C(C=C2)C(=O)C3=C(SC4=C3C=CC(=C4)O)C5=CC=C(C=C5)O.Cl,BKXVVCILCIUCLG-UHFFFAOYSA-N,C28H28ClNO4S,Raloxifene Hydrochloride,confirmed,medium,,,multicomponent_or_salt,Exact hydrochloride entry selected; chloride removal for model parent is explicitly approved while raw salt is retained.,C1CCN(CC1)CCOC2=CC=C(C=C2)C(=O)C3=C(SC4=C3C=CC(=C4)O)C5=CC=C(C=C5)O.Cl,BKXVVCILCIUCLG-UHFFFAOYSA-N,O=C(c1ccc(OCCN2CCCCC2)cc1)c1c(-c2ccc(O)cc2)sc2cc(O)ccc12,GZUITABIAKMVPG-UHFFFAOYSA-N,Chem.MolFromSmiles(sanitize=True); rdMolStandardize.Cleanup(default parameters); rdMolStandardize.FragmentParent(default parameters; manually approved); Chem.SanitizeMol; Chem.GetSymmSSSR,True
Rapamycin,Rapamycin,Rapamycin,#10,train,train|val_strain_only|val_time|test_strain_only|test_time,train,True,True,True,426,Rapamycin,Rapamycin,manual_override+pubchem_name_synonym,5284616,5284616,"https://pubchem.ncbi.nlm.nih.gov/rest/pug/compound/cid/5284616/property/ConnectivitySMILES,SMILES,InChIKey,MolecularFormula,IUPACName,Title/JSON",2026-08-13,7791613b863a261f253e988b788f4b8b5b509bfa05b155bde8a3a004640fb87b|c24e1540e3964d214e8103eb9021a1647a0078070e8985abd04f1c60a869368e|7300e949c8856501ce8572fe95598edae983d39652ffea80a556a580e3be8cc1,ConnectivitySMILES|SMILES,CC1CCC2CC(C(=CC=CC=CC(CC(C(=O)C(C(C(=CC(C(=O)CC(OC(=O)C3CCCCN3C(=O)C(=O)C1(O2)O)C(C)CC4CCC(C(C4)OC)O)C)C)O)OC)C)C)C)OC,C[C@@H]1CC[C@H]2C[C@@H](/C(=C/C=C/C=C/[C@H](C[C@H](C(=O)[C@@H]([C@@H](/C(=C/[C@H](C(=O)C[C@H](OC(=O)[C@@H]3CCCCN3C(=O)C(=O)[C@@]1(O2)O)[C@H](C)C[C@@H]4CC[C@H]([C@@H](C4)OC)O)C)/C)O)OC)C)C)/C)OC,QFJCIRLUMZQUOT-HPLJOQBZSA-N,C51H79NO13,Sirolimus,confirmed,high,,,stereochemistry,Rapamycin synonym resolves uniquely to PubChem Sirolimus CID 5284616.,C[C@@H]1CC[C@H]2C[C@@H](/C(=C/C=C/C=C/[C@H](C[C@H](C(=O)[C@@H]([C@@H](/C(=C/[C@H](C(=O)C[C@H](OC(=O)[C@@H]3CCCCN3C(=O)C(=O)[C@@]1(O2)O)[C@H](C)C[C@@H]4CC[C@H]([C@@H](C4)OC)O)C)/C)O)OC)C)C)/C)OC,QFJCIRLUMZQUOT-HPLJOQBZSA-N,CO[C@H]1C[C@@H]2CC[C@@H](C)[C@@](O)(O2)C(=O)C(=O)N2CCCC[C@H]2C(=O)O[C@H]([C@H](C)C[C@@H]2CC[C@@H](O)[C@H](OC)C2)CC(=O)[C@H](C)/C=C(\C)[C@@H](O)[C@@H](OC)C(=O)[C@H](C)C[C@H](C)/C=C/C=C/C=C/1C,QFJCIRLUMZQUOT-HPLJOQBZSA-N,Chem.MolFromSmiles(sanitize=True); rdMolStandardize.Cleanup(default parameters); Chem.SanitizeMol; Chem.GetSymmSSSR,True
SDS,SDS,SDS,#7,train,train|val_strain_only|val_time|test_strain_only|test_time,train,True,True,True,425,SDS,sodium dodecyl sulfate,manual_override+pubchem_name_synonym,3423265,3423265,"https://pubchem.ncbi.nlm.nih.gov/rest/pug/compound/cid/3423265/property/ConnectivitySMILES,SMILES,InChIKey,MolecularFormula,IUPACName,Title/JSON",2026-08-13,fbfc1748cfbb386bfb21964a4b487153d17c908ce3bd58db1ff68f55de4dd691|71fbb577f430eb0232a989af83614f23d796db99df82c8735dc6c3d4849e5ff4|2c0b6777eaa7064796f8f4bbbbf2bf34769285ebf0fb9ec046d6704cdac9c7f2|db6fd1dc0363bbcfcac42cca8c8854c756d15280b80368ecc69f9b445b7ffb3c,ConnectivitySMILES|SMILES,CCCCCCCCCCCCOS(=O)(=O)[O-].[Na+],CCCCCCCCCCCCOS(=O)(=O)[O-].[Na+],DBMJMQXJHONAFJ-UHFFFAOYSA-M,C12H25NaO4S,Sodium Lauryl Sulfate,confirmed,medium,,,multicomponent_or_salt|name_not_exact_synonym,Expanded sodium dodecyl sulfate alias resolves uniquely; sodium removal for model parent is explicit and raw salt is retained.,CCCCCCCCCCCCOS(=O)(=O)[O-].[Na+],DBMJMQXJHONAFJ-UHFFFAOYSA-M,CCCCCCCCCCCCOS(=O)(=O)[O-],MOTZDAYCYVMXPC-UHFFFAOYSA-M,Chem.MolFromSmiles(sanitize=True); rdMolStandardize.Cleanup(default parameters); rdMolStandardize.FragmentParent(default parameters; manually approved); Chem.SanitizeMol; Chem.GetSymmSSSR,True
Sorbitol,Sorbitol,Sorbitol,#15,train,train|val_strain_only|val_time|test_strain_only|test_time,train,True,True,True,426,Sorbitol,Sorbitol,manual_override+pubchem_name_synonym,5780,5780,"https://pubchem.ncbi.nlm.nih.gov/rest/pug/compound/cid/5780/property/ConnectivitySMILES,SMILES,InChIKey,MolecularFormula,IUPACName,Title/JSON",2026-08-13,1bdbf5e211532281d5e14d5623d52861820b7293843ed080d8facbe10cd6df42|fd5433df112577e602e131cc3aa8f6fde14bbc4372d00ca75556bab32fd71700|be7b2e0626f63001f4bdda10016f66cfde595193e95ca22d0f5a53081076eab1,ConnectivitySMILES|SMILES,C(C(C(C(C(CO)O)O)O)O)O,C([C@H]([C@H]([C@@H]([C@H](CO)O)O)O)O)O,FBPFZTCFMRRESA-JGWLITMVSA-N,C6H14O6,Sorbitol,confirmed,high,,,stereochemistry,Exact name resolves uniquely and PubChem title agrees.,C([C@H]([C@H]([C@@H]([C@H](CO)O)O)O)O)O,FBPFZTCFMRRESA-JGWLITMVSA-N,OC[C@@H](O)[C@@H](O)[C@H](O)[C@@H](O)CO,FBPFZTCFMRRESA-JGWLITMVSA-N,Chem.MolFromSmiles(sanitize=True); rdMolStandardize.Cleanup(default parameters); Chem.SanitizeMol; Chem.GetSymmSSSR,True
Staurosporine,Staurosporine,Staurosporine,#35,train,train|val_strain_only|val_time|test_strain_only,train,True,True,True,105,Staurosporine,Staurosporine,manual_override+pubchem_name_synonym,44259,44259,"https://pubchem.ncbi.nlm.nih.gov/rest/pug/compound/cid/44259/property/ConnectivitySMILES,SMILES,InChIKey,MolecularFormula,IUPACName,Title/JSON",2026-08-13,48eb5ea41416406a6033fafaea0a47b8a7488b133c3d9d0b1393e8fca92a9d05|6995d41a391697677d7d38fecfe1d84036c40cd04b8ed25dad7fbf9418f412bf|7039344bf243ee26f16df0c72d4f4b718144735e24c2efa8701400195c7f9a2a,ConnectivitySMILES|SMILES,CC12C(C(CC(O1)N3C4=CC=CC=C4C5=C6C(=C7C8=CC=CC=C8N2C7=C53)CNC6=O)NC)OC,C[C@@]12[C@@H]([C@@H](C[C@@H](O1)N3C4=CC=CC=C4C5=C6C(=C7C8=CC=CC=C8N2C7=C53)CNC6=O)NC)OC,HKSZLNNOFSGOKW-FYTWVXJKSA-N,C28H26N4O3,Staurosporine,confirmed,high,,,stereochemistry,Exact name resolves uniquely and PubChem title agrees.,C[C@@]12[C@@H]([C@@H](C[C@@H](O1)N3C4=CC=CC=C4C5=C6C(=C7C8=CC=CC=C8N2C7=C53)CNC6=O)NC)OC,HKSZLNNOFSGOKW-FYTWVXJKSA-N,CN[C@@H]1C[C@H]2O[C@@](C)([C@@H]1OC)n1c3ccccc3c3c4c(c5c6ccccc6n2c5c31)C(=O)NC4,HKSZLNNOFSGOKW-FYTWVXJKSA-N,Chem.MolFromSmiles(sanitize=True); rdMolStandardize.Cleanup(default parameters); Chem.SanitizeMol; Chem.GetSymmSSSR,True
Sulfometuron methyl,Sulfometuron methyl,Sulfometuron methyl,#36,val,val_chem_only|val_both|test_both,val_chem_only,False,True,True,144,Sulfometuron methyl,Sulfometuron methyl,manual_override+pubchem_name_synonym,52997,52997,"https://pubchem.ncbi.nlm.nih.gov/rest/pug/compound/cid/52997/property/ConnectivitySMILES,SMILES,InChIKey,MolecularFormula,IUPACName,Title/JSON",2026-08-13,6b9141f73ae89c16106ca2586783fa99f66b7b0ee1f36d5a77c3adb7918b5505|4109847f4f437fb0a15a8dbf35b895b8f870f21a836c4cfa106bf801681e434d|5a44c885fd6084621b1c8feb018ddddab01e6fa9f62cd4dfc926ae809303a96d,ConnectivitySMILES|SMILES,CC1=CC(=NC(=N1)NC(=O)NS(=O)(=O)C2=CC=CC=C2C(=O)OC)C,CC1=CC(=NC(=N1)NC(=O)NS(=O)(=O)C2=CC=CC=C2C(=O)OC)C,ZDXMLEQEMNLCQG-UHFFFAOYSA-N,C15H16N4O5S,Sulfometuron-methyl,confirmed,high,,,,Spacing variant resolves uniquely to PubChem Sulfometuron-methyl.,CC1=CC(=NC(=N1)NC(=O)NS(=O)(=O)C2=CC=CC=C2C(=O)OC)C,ZDXMLEQEMNLCQG-UHFFFAOYSA-N,COC(=O)c1ccccc1S(=O)(=O)NC(=O)Nc1nc(C)cc(C)n1,ZDXMLEQEMNLCQG-UHFFFAOYSA-N,Chem.MolFromSmiles(sanitize=True); rdMolStandardize.Cleanup(default parameters); Chem.SanitizeMol; Chem.GetSymmSSSR,True
Tamoxifen,Tamoxifen,Tamoxifen,#37,test,test_chem_only|test_both,test_chem_only,False,False,True,144,Tamoxifen,Tamoxifen,manual_override+pubchem_name_synonym,2733526,2733526,"https://pubchem.ncbi.nlm.nih.gov/rest/pug/compound/cid/2733526/property/ConnectivitySMILES,SMILES,InChIKey,MolecularFormula,IUPACName,Title/JSON",2026-08-13,5c3822144c629db11961ef52430a535417b828a83b4446a162c9951f19bb2f07|12adecccb9b832e21981345cbc6489de21a5acde773c301c108e3b387d396b43|506ff743995a2a94e3427505782a5ef8c90be0a97b78b1d04eac221eb12ce90c,ConnectivitySMILES|SMILES,CCC(=C(C1=CC=CC=C1)C2=CC=C(C=C2)OCCN(C)C)C3=CC=CC=C3,CC/C(=C(\C1=CC=CC=C1)/C2=CC=C(C=C2)OCCN(C)C)/C3=CC=CC=C3,NKANXQFJJICGDU-QPLCGJKRSA-N,C26H29NO,Tamoxifen,confirmed,high,,,,Exact name resolves uniquely and PubChem title agrees.,CC/C(=C(\C1=CC=CC=C1)/C2=CC=C(C=C2)OCCN(C)C)/C3=CC=CC=C3,NKANXQFJJICGDU-QPLCGJKRSA-N,CC/C(=C(\c1ccccc1)c1ccc(OCCN(C)C)cc1)c1ccccc1,NKANXQFJJICGDU-QPLCGJKRSA-N,Chem.MolFromSmiles(sanitize=True); rdMolStandardize.Cleanup(default parameters); Chem.SanitizeMol; Chem.GetSymmSSSR,True
Trichostatin A,Trichostatin A,Trichostatin A,#38,train,train|val_strain_only|val_time|test_strain_only|test_time,train,True,True,True,144,Trichostatin A,Trichostatin A,manual_override+pubchem_name_synonym,444732,444732,"https://pubchem.ncbi.nlm.nih.gov/rest/pug/compound/cid/444732/property/ConnectivitySMILES,SMILES,InChIKey,MolecularFormula,IUPACName,Title/JSON",2026-08-13,594d6ff0de6ea6f313b67ff7b789557f6f689162afd71091274de8e34093b98c|9ccb296e4ac7d430c3d5d7bfb03bd39238f2c8cb371606cbab889259b94aab33|487598949d5db195f2e9a5cbb94f4e38aa45c341e619f02fec334aa2ad816579,ConnectivitySMILES|SMILES,CC(C=C(C)C=CC(=O)NO)C(=O)C1=CC=C(C=C1)N(C)C,C[C@H](/C=C(\C)/C=C/C(=O)NO)C(=O)C1=CC=C(C=C1)N(C)C,RTKIYFITIVXBLE-QEQCGCAPSA-N,C17H22N2O3,Trichostatin A,confirmed,high,,,stereochemistry,Exact name resolves uniquely and PubChem title agrees.,C[C@H](/C=C(\C)/C=C/C(=O)NO)C(=O)C1=CC=C(C=C1)N(C)C,RTKIYFITIVXBLE-QEQCGCAPSA-N,CC(/C=C/C(=O)NO)=C\[C@@H](C)C(=O)c1ccc(N(C)C)cc1,RTKIYFITIVXBLE-QEQCGCAPSA-N,Chem.MolFromSmiles(sanitize=True); rdMolStandardize.Cleanup(default parameters); Chem.SanitizeMol; Chem.GetSymmSSSR,True
Trifluoperazine dihydrochloride,Trifluoperazine dihydrochloride,Trifluoperazine dihydrochloride,#39,train,train|val_strain_only|val_time|test_strain_only|test_time,train,True,True,True,145,Trifluoperazine dihydrochloride,Trifluoperazine dihydrochloride,manual_override+pubchem_name_synonym,66064,66064,"https://pubchem.ncbi.nlm.nih.gov/rest/pug/compound/cid/66064/property/ConnectivitySMILES,SMILES,InChIKey,MolecularFormula,IUPACName,Title/JSON",2026-08-13,19af40677480f1f77319af2ba6238018bfe45943165c4ae76317aa64bdac8a72|0200926ef5c4c9201d8f37e9cd81110d7c749f6550c74181da82db227ab2a3c9|108481b60a9e01d018be7bef64a7352a0ed8acd78f009839fe63850c72f1350a,ConnectivitySMILES|SMILES,CN1CCN(CC1)CCCN2C3=CC=CC=C3SC4=C2C=C(C=C4)C(F)(F)F.Cl.Cl,CN1CCN(CC1)CCCN2C3=CC=CC=C3SC4=C2C=C(C=C4)C(F)(F)F.Cl.Cl,BXDAOUXDMHXPDI-UHFFFAOYSA-N,C21H26Cl2F3N3S,Trifluoperazine Hydrochloride,confirmed,medium,,,multicomponent_or_salt,Exact dihydrochloride synonym resolves to CID 66064; chloride removal is explicit and raw salt is retained.,CN1CCN(CC1)CCCN2C3=CC=CC=C3SC4=C2C=C(C=C4)C(F)(F)F.Cl.Cl,BXDAOUXDMHXPDI-UHFFFAOYSA-N,CN1CCN(CCCN2c3ccccc3Sc3ccc(C(F)(F)F)cc32)CC1,ZEWQUBUPAILYHI-UHFFFAOYSA-N,Chem.MolFromSmiles(sanitize=True); rdMolStandardize.Cleanup(default parameters); rdMolStandardize.FragmentParent(default parameters; manually approved); Chem.SanitizeMol; Chem.GetSymmSSSR,True
Tunicamycin,Tunicamycin,Tunicamycin,#40,train,train|val_strain_only|val_time|test_strain_only|test_time,train,True,True,True,143,Tunicamycin,,pubchem_name_candidates,11104835,,https://pubchem.ncbi.nlm.nih.gov/rest/pug/compound/name/Tunicamycin/cids/JSON|https://pubchem.ncbi.nlm.nih.gov/rest/pug/compound/name/tunicamycin%20V/cids/JSON,2026-08-13,fbfc1748cfbb386bfb21964a4b487153d17c908ce3bd58db1ff68f55de4dd691|9cc68aee6a87e660098d15c007d0775e95177c0b031c44c6574bec64d5d330c1|b76f7213c83d49e82f7ab472108c0af3beaf60c05077666ef306793bd2e9542b|0eedef137772d34c3b46cffdb9cc28c8d7e68dbe1ee0d1360abb201554465ca7,,,,,,,unresolved,none,,,,Tunicamycin is a homolog mixture/family name and the alias query did not uniquely preserve a stated component; no silent component choice.,,,,,,False
U-73122,U-73122,U-73122,#41,train,train|val_strain_only|val_time|test_strain_only|test_time,train,True,True,True,144,U-73122,U-73122,manual_override+pubchem_name_synonym,5631|104794|11957723|21117951|54052933|138107731|177926704,104794,"https://pubchem.ncbi.nlm.nih.gov/rest/pug/compound/cid/104794/property/ConnectivitySMILES,SMILES,InChIKey,MolecularFormula,IUPACName,Title/JSON",2026-08-13,6d686ba2729428205e15970da58211c1bd24a73b372b0fa32d9a56b074007662|83738f6ed2f8bc1335072dda90b3d42e8df7bc48e56a8cc344fd8ef5af6ee287|c1153381e19061a4b1bc1f8341f8407d9135d22e11fb5827df585d189d2fbb22|2288a998e4904547c6ae5c1d5e10a12d3dbe03c46fbea2fb0af72a054f515a32|2b2f60089ef01be2a7d7358995c6c02649ac1628c41c9014cf757f9c8b3e1746|48424ce2c73615c9889066924b6717eba38c0be2850b34a413dd74acda864ad7|633493b413d1b63d6b960e7ad9a76972859e0e8e72c06a7222cd19ce0bea42c7|8ea2d194e0a166fc77778765457362c1b4701bf2a829a61ce73250df00646d57|62eed44b7e5c81e665e45980f8d55c7efa156bf33cfb76d0a122cd9545f2f214|c3a55866377d16eb775e56000cceadf4e133c526740a4840f4d0b6ac93fa4498|23f47175d19b11bee5839d729fd66b66b86f3fdc213fda372f538178ba5b1fe9|b5fc3d1a9c2dd46857751467da828cc41cd7ef0d9b6a40b4e7f76c3133439e90|0baba4581059e5c77fa149ee7ac7fba6bd3491882157b9d26175d8e081e91094|ba73d6816b24a3b7f96153bee8cfe2fa3a52121a7115a964d412a93f5e6f03b3|3e64c9745c9b5a83ef99549bd4c21352f980c8580d644c46f69ca9938b0cdceb|9913bac92ddba9665cda68b4c845b00b297dd29d610a97e0f49f8f3d0de867b9,ConnectivitySMILES|SMILES,CC12CCC3C(C1CCC2NCCCCCCN4C(=O)C=CC4=O)CCC5=C3C=CC(=C5)OC,C[C@]12CC[C@H]3[C@H]([C@@H]1CC[C@@H]2NCCCCCCN4C(=O)C=CC4=O)CCC5=C3C=CC(=C5)OC,LUFAORPFSVMJIW-ZRJUGLEFSA-N,C29H40N2O3,"1-(6-(((17beta)-3-Methoxyestra-1,3,5(10)-trien-17-yl)amino)hexyl)-1H-pyrrole-2,5-dione",confirmed,high,,112648-68-7,multiple_candidate_cids|stereochemistry,"CAS 112648-68-7 cross-check resolves the ambiguous name result: NLM MeSH binds U-73122 to this CAS and chemical name, while Tocris independently reports the same CAS, PubChem CID 104794, stereochemical SMILES, formula, and InChIKey; PubChem CID 104794 agrees.",C[C@]12CC[C@H]3[C@H]([C@@H]1CC[C@@H]2NCCCCCCN4C(=O)C=CC4=O)CCC5=C3C=CC(=C5)OC,LUFAORPFSVMJIW-ZRJUGLEFSA-N,COc1ccc2c(c1)CC[C@@H]1[C@@H]2CC[C@]2(C)[C@@H](NCCCCCCN3C(=O)C=CC3=O)CC[C@@H]12,LUFAORPFSVMJIW-ZRJUGLEFSA-N,Chem.MolFromSmiles(sanitize=True); rdMolStandardize.Cleanup(default parameters); Chem.SanitizeMol; Chem.GetSymmSSSR,True
Valinomycin,Valinomycin,Valinomycin,#42,train,train|val_strain_only|val_time|test_strain_only|test_time,train,True,True,True,142,Valinomycin,Valinomycin,manual_override+pubchem_name_synonym,3000706,3000706,"https://pubchem.ncbi.nlm.nih.gov/rest/pug/compound/cid/3000706/property/ConnectivitySMILES,SMILES,InChIKey,MolecularFormula,IUPACName,Title/JSON",2026-08-13,c84542fb84ce85e08e93b9910b19579f3e8e0e3e647054bf7f9f694f8b31d583|1566270c818aed2c7a7e34d5c9ccd0145094c623a626ed195d56c6897cc1fe1c|1a14969b2ff6b5c69a1ef74571975531364bbcd50aace8b0bdad268d96fc2d3d,ConnectivitySMILES|SMILES,CC1C(=O)NC(C(=O)OC(C(=O)NC(C(=O)OC(C(=O)NC(C(=O)OC(C(=O)NC(C(=O)OC(C(=O)NC(C(=O)OC(C(=O)NC(C(=O)O1)C(C)C)C(C)C)C(C)C)C)C(C)C)C(C)C)C(C)C)C)C(C)C)C(C)C)C(C)C,C[C@H]1C(=O)N[C@H](C(=O)O[C@@H](C(=O)N[C@@H](C(=O)O[C@H](C(=O)N[C@H](C(=O)O[C@@H](C(=O)N[C@@H](C(=O)O[C@H](C(=O)N[C@H](C(=O)O[C@@H](C(=O)N[C@@H](C(=O)O1)C(C)C)C(C)C)C(C)C)C)C(C)C)C(C)C)C(C)C)C)C(C)C)C(C)C)C(C)C,FCFNRCROJUBPLU-DNDCDFAISA-N,C54H90N6O18,Valinomycin,confirmed,high,,,stereochemistry,Exact name resolves uniquely and PubChem title agrees.,C[C@H]1C(=O)N[C@H](C(=O)O[C@@H](C(=O)N[C@@H](C(=O)O[C@H](C(=O)N[C@H](C(=O)O[C@@H](C(=O)N[C@@H](C(=O)O[C@H](C(=O)N[C@H](C(=O)O[C@@H](C(=O)N[C@@H](C(=O)O1)C(C)C)C(C)C)C(C)C)C)C(C)C)C(C)C)C(C)C)C)C(C)C)C(C)C)C(C)C,FCFNRCROJUBPLU-DNDCDFAISA-N,CC(C)[C@@H]1NC(=O)[C@H](C)OC(=O)[C@@H](C(C)C)NC(=O)[C@@H](C(C)C)OC(=O)[C@H](C(C)C)NC(=O)[C@H](C)OC(=O)[C@@H](C(C)C)NC(=O)[C@@H](C(C)C)OC(=O)[C@H](C(C)C)NC(=O)[C@H](C)OC(=O)[C@@H](C(C)C)NC(=O)[C@@H](C(C)C)OC1=O,FCFNRCROJUBPLU-DNDCDFAISA-N,Chem.MolFromSmiles(sanitize=True); rdMolStandardize.Cleanup(default parameters); Chem.SanitizeMol; Chem.GetSymmSSSR,True
Water,Water,Water,#1,train,train|val_strain_only|val_time|test_strain_only|test_time,train,True,True,True,589,,,special_control_rule,,,,,,,,,,,,special_control,none,water,,special control; model chemistry feature intentionally disabled,Frozen task rule; not encoded as an ordinary perturbation molecule.,,,,,,False
Wortmannin,Wortmannin,Wortmannin,#43,train,train|val_strain_only|val_time|test_strain_only|test_time,train,True,True,True,143,Wortmannin,Wortmannin,manual_override+pubchem_name_synonym,312145,312145,"https://pubchem.ncbi.nlm.nih.gov/rest/pug/compound/cid/312145/property/ConnectivitySMILES,SMILES,InChIKey,MolecularFormula,IUPACName,Title/JSON",2026-08-13,0f1f0b9bbbe3490ef7b22ce7e2fb483bc8ce18240711c3a729e8acfe268c89db|ba1562bbd08997bb920ec2cf4f616adbe881cf85fb090f8da786a9d68e3e77a7|90c17f8c879412fbf975fbbbcd9fa7b9b3a2095519a5e859386eaad555e34337,ConnectivitySMILES|SMILES,CC(=O)OC1CC2(C(CCC2=O)C3=C1C4(C(OC(=O)C5=COC(=C54)C3=O)COC)C)C,CC(=O)O[C@@H]1C[C@]2([C@@H](CCC2=O)C3=C1[C@]4([C@H](OC(=O)C5=COC(=C54)C3=O)COC)C)C,QDLHCMPXEPAAMD-QAIWCSMKSA-N,C23H24O8,Wortmannin,confirmed,high,,,stereochemistry,Exact name resolves uniquely and PubChem title agrees.,CC(=O)O[C@@H]1C[C@]2([C@@H](CCC2=O)C3=C1[C@]4([C@H](OC(=O)C5=COC(=C54)C3=O)COC)C)C,QDLHCMPXEPAAMD-QAIWCSMKSA-N,COC[C@H]1OC(=O)c2coc3c2[C@@]1(C)C1=C(C3=O)[C@@H]2CCC(=O)[C@@]2(C)C[C@H]1OC(C)=O,QDLHCMPXEPAAMD-QAIWCSMKSA-N,Chem.MolFromSmiles(sanitize=True); rdMolStandardize.Cleanup(default parameters); Chem.SanitizeMol; Chem.GetSymmSSSR,True
