raw_name,normalized_name,candidate_cids,selected_cid,review_status,mapping_status,decision_reason,structure_issue,evidence_url,review_date,cas_number,candidate_summaries_json
"(1R, 2S, 5R) - (-) - Menthol","(1R, 2S, 5R)-(-)-Menthol",16666,16666,reviewed,confirmed,Alias (-)-menthol/L-menthol resolves uniquely and preserves the stated stereochemistry.,stereochemistry|name_not_exact_synonym,https://pubchem.ncbi.nlm.nih.gov/compound/16666,2026-08-13,,"[{""cid"":""16666"",""connectivity_smiles"":""CC1CCC(C(C1)O)C(C)C"",""formula"":""C10H20O"",""isomeric_smiles"":""C[C@@H]1CC[C@H]([C@@H](C1)O)C(C)C"",""matched_aliases"":[""(-)-menthol"",""L-menthol""],""title"":""(-)-Menthol""}]"
(S)-(+)-Camptothecin,(S)-(+)-Camptothecin,24360,24360,reviewed,confirmed,Exact stereochemical name resolves uniquely to PubChem camptothecin CID 24360.,stereochemistry,https://pubchem.ncbi.nlm.nih.gov/compound/24360,2026-08-13,,"[{""cid"":""24360"",""connectivity_smiles"":""CCC1(C2=C(COC1=O)C(=O)N3CC4=CC5=CC=CC=C5N=C4C3=C2)O"",""formula"":""C20H16N2O4"",""isomeric_smiles"":""CC[C@@]1(C2=C(COC1=O)C(=O)N3CC4=CC5=CC=CC=C5N=C4C3=C2)O"",""matched_aliases"":[""(S)-(+)-Camptothecin""],""title"":""Camptothecin""}]"
1-10 Phenanthroline monohydrate,1-10 Phenanthroline monohydrate,1318|21226,21226,reviewed,confirmed,Selected the hydrate CID rather than anhydrous CID 1318; parent extraction is explicit and retains the raw hydrate structure.,multiple_candidate_cids|multicomponent_or_salt|name_not_exact_synonym,https://pubchem.ncbi.nlm.nih.gov/compound/21226,2026-08-13,,"[{""cid"":""1318"",""connectivity_smiles"":""C1=CC2=C(C3=C(C=CC=N3)C=C2)N=C1"",""formula"":""C12H8N2"",""isomeric_smiles"":""C1=CC2=C(C3=C(C=CC=N3)C=C2)N=C1"",""matched_aliases"":[""1,10-phenanthroline""],""title"":""1,10-Phenanthroline""},{""cid"":""21226"",""connectivity_smiles"":""C1=CC2=C(C3=C(C=CC=N3)C=C2)N=C1.O"",""formula"":""C12H10N2O"",""isomeric_smiles"":""C1=CC2=C(C3=C(C=CC=N3)C=C2)N=C1.O"",""matched_aliases"":[""1,10-phenanthroline monohydrate""],""title"":""1,10-Phenanthroline hydrate""}]"
4-Hydroxytamoxifen,4-Hydroxytamoxifen,449459,449459,reviewed,confirmed,Exact name resolves uniquely and PubChem title agrees.,,https://pubchem.ncbi.nlm.nih.gov/compound/449459,2026-08-13,,"[{""cid"":""449459"",""connectivity_smiles"":""CCC(=C(C1=CC=C(C=C1)O)C2=CC=C(C=C2)OCCN(C)C)C3=CC=CC=C3"",""formula"":""C26H29NO2"",""isomeric_smiles"":""CC/C(=C(\\C1=CC=C(C=C1)O)/C2=CC=C(C=C2)OCCN(C)C)/C3=CC=CC=C3"",""matched_aliases"":[""4-Hydroxytamoxifen""],""title"":""4-Hydroxytamoxifen""}]"
Abietic acid,Abietic acid,10569,10569,reviewed,confirmed,Exact name resolves uniquely and PubChem title agrees.,stereochemistry,https://pubchem.ncbi.nlm.nih.gov/compound/10569,2026-08-13,,"[{""cid"":""10569"",""connectivity_smiles"":""CC(C)C1=CC2=CCC3C(C2CC1)(CCCC3(C)C(=O)O)C"",""formula"":""C20H30O2"",""isomeric_smiles"":""CC(C)C1=CC2=CC[C@@H]3[C@@]([C@H]2CC1)(CCC[C@@]3(C)C(=O)O)C"",""matched_aliases"":[""Abietic acid""],""title"":""Abietic Acid""}]"
Amiodarone hydrochloride,Amiodarone hydrochloride,441325,441325,reviewed,confirmed,Exact hydrochloride entry selected; chloride removal for model parent is explicitly approved while raw salt is retained.,multicomponent_or_salt,https://pubchem.ncbi.nlm.nih.gov/compound/441325,2026-08-13,,"[{""cid"":""441325"",""connectivity_smiles"":""CCCCC1=C(C2=CC=CC=C2O1)C(=O)C3=CC(=C(C(=C3)I)OCCN(CC)CC)I.Cl"",""formula"":""C25H30ClI2NO3"",""isomeric_smiles"":""CCCCC1=C(C2=CC=CC=C2O1)C(=O)C3=CC(=C(C(=C3)I)OCCN(CC)CC)I.Cl"",""matched_aliases"":[""Amiodarone hydrochloride""],""title"":""Amiodarone Hydrochloride""}]"
Amphotericin B,Amphotericin B,5280965,5280965,reviewed,confirmed,Exact name resolves uniquely and PubChem title agrees.,stereochemistry,https://pubchem.ncbi.nlm.nih.gov/compound/5280965,2026-08-13,,"[{""cid"":""5280965"",""connectivity_smiles"":""CC1C=CC=CC=CC=CC=CC=CC=CC(CC2C(C(CC(O2)(CC(CC(C(CCC(CC(CC(=O)OC(C(C1O)C)C)O)O)O)O)O)O)O)C(=O)O)OC3C(C(C(C(O3)C)O)N)O"",""formula"":""C47H73NO17"",""isomeric_smiles"":""C[C@H]1/C=C/C=C/C=C/C=C/C=C/C=C/C=C/[C@@H](C[C@H]2[C@@H]([C@H](C[C@](O2)(C[C@H](C[C@H]([C@@H](CC[C@H](C[C@H](CC(=O)O[C@H]([C@@H]([C@@H]1O)C)C)O)O)O)O)O)O)O)C(=O)O)O[C@H]3[C@H]([C@H]([C@@H]([C@H](O3)C)O)N)O"",""matched_aliases"":[""Amphotericin B""],""title"":""Amphotericin B""}]"
Anisomycin,Anisomycin,253602,253602,reviewed,confirmed,Exact name resolves uniquely and PubChem title agrees.,stereochemistry,https://pubchem.ncbi.nlm.nih.gov/compound/253602,2026-08-13,,"[{""cid"":""253602"",""connectivity_smiles"":""CC(=O)OC1C(CNC1CC2=CC=C(C=C2)OC)O"",""formula"":""C14H19NO4"",""isomeric_smiles"":""CC(=O)O[C@@H]1[C@H](CN[C@@H]1CC2=CC=C(C=C2)OC)O"",""matched_aliases"":[""Anisomycin""],""title"":""Anisomycin""}]"
Artemisinin,Artemisinin,68827,68827,reviewed,confirmed,Exact name resolves uniquely and PubChem title agrees.,stereochemistry,https://pubchem.ncbi.nlm.nih.gov/compound/68827,2026-08-13,,"[{""cid"":""68827"",""connectivity_smiles"":""CC1CCC2C(C(=O)OC3C24C1CCC(O3)(OO4)C)C"",""formula"":""C15H22O5"",""isomeric_smiles"":""C[C@@H]1CC[C@H]2[C@H](C(=O)O[C@H]3[C@@]24[C@H]1CC[C@](O3)(OO4)C)C"",""matched_aliases"":[""Artemisinin""],""title"":""Artemisinin""}]"
Brefeldin A,Brefeldin A,5287620,5287620,reviewed,confirmed,Exact name resolves uniquely and PubChem title agrees.,stereochemistry,https://pubchem.ncbi.nlm.nih.gov/compound/5287620,2026-08-13,,"[{""cid"":""5287620"",""connectivity_smiles"":""CC1CCCC=CC2CC(CC2C(C=CC(=O)O1)O)O"",""formula"":""C16H24O4"",""isomeric_smiles"":""C[C@H]1CCC/C=C/[C@@H]2C[C@@H](C[C@H]2[C@@H](/C=C/C(=O)O1)O)O"",""matched_aliases"":[""Brefeldin A""],""title"":""Brefeldin A""}]"
CHX,CHX,6197,6197,reviewed,confirmed,Competition abbreviation was expanded to cycloheximide; both alias and returned title support CID 6197.,stereochemistry|name_not_exact_synonym,https://pubchem.ncbi.nlm.nih.gov/compound/6197,2026-08-13,,"[{""cid"":""6197"",""connectivity_smiles"":""CC1CC(C(=O)C(C1)C(CC2CC(=O)NC(=O)C2)O)C"",""formula"":""C15H23NO4"",""isomeric_smiles"":""C[C@H]1C[C@@H](C(=O)[C@@H](C1)[C@@H](CC2CC(=O)NC(=O)C2)O)C"",""matched_aliases"":[""cycloheximide""],""title"":""Cycloheximide""}]"
Cisplatin,Cisplatin,5460033|5702198,5460033,reviewed,confirmed,"Identity confirmed against the official PubChem Cisplatin record CID 5460033. The intact platinum coordination structure is retained, but the current ordinary-organic Morgan/RDKit feature system is not applicable; explicit zero-feature fallback is used without fragment removal.",multiple_candidate_cids|multicomponent_or_salt|name_not_exact_synonym|身份已确认，但当前 Morgan/RDKit 特征体系不适用,https://pubchem.ncbi.nlm.nih.gov/compound/cisplatin,2026-08-13,,"[{""cid"":""5460033"",""connectivity_smiles"":""N.N.Cl[Pt]Cl"",""formula"":""Cl2H6N2Pt"",""isomeric_smiles"":""N.N.Cl[Pt]Cl"",""matched_aliases"":[""manual_authoritative_cid""],""title"":""Cisplatin""},{""cid"":""5702198"",""connectivity_smiles"":""N.N.Cl[Pt]Cl"",""formula"":""Cl2H6N2Pt"",""isomeric_smiles"":""N.N.Cl[Pt]Cl"",""matched_aliases"":[""Cisplatin""],""title"":""azane;dichloroplatinum""}]"
Clomiphene citrate,Clomiphene citrate,60974,60974,reviewed,confirmed,Exact citrate salt entry selected; citrate removal for model parent is explicitly approved while raw salt is retained.,multicomponent_or_salt,https://pubchem.ncbi.nlm.nih.gov/compound/60974,2026-08-13,,"[{""cid"":""60974"",""connectivity_smiles"":""CCN(CC)CCOC1=CC=C(C=C1)C(=C(C2=CC=CC=C2)Cl)C3=CC=CC=C3.C(C(=O)O)C(CC(=O)O)(C(=O)O)O"",""formula"":""C32H36ClNO8"",""isomeric_smiles"":""CCN(CC)CCOC1=CC=C(C=C1)C(=C(C2=CC=CC=C2)Cl)C3=CC=CC=C3.C(C(=O)O)C(CC(=O)O)(C(=O)O)O"",""matched_aliases"":[""Clomiphene citrate""],""title"":""Clostilbegit""}]"
Clotrimazole,Clotrimazole,2812,2812,reviewed,confirmed,Exact name resolves uniquely and PubChem title agrees.,,https://pubchem.ncbi.nlm.nih.gov/compound/2812,2026-08-13,,"[{""cid"":""2812"",""connectivity_smiles"":""C1=CC=C(C=C1)C(C2=CC=CC=C2)(C3=CC=CC=C3Cl)N4C=CN=C4"",""formula"":""C22H17ClN2"",""isomeric_smiles"":""C1=CC=C(C=C1)C(C2=CC=CC=C2)(C3=CC=CC=C3Cl)N4C=CN=C4"",""matched_aliases"":[""Clotrimazole""],""title"":""Clotrimazole""}]"
Cyclopiazonic acid,Cyclopiazonic acid,54682463,54682463,reviewed,confirmed,Exact name resolves uniquely and PubChem title agrees.,stereochemistry,https://pubchem.ncbi.nlm.nih.gov/compound/54682463,2026-08-13,,"[{""cid"":""54682463"",""connectivity_smiles"":""CC(=O)C1=C(C2C3C(CC4=C5C3=CNC5=CC=C4)C(N2C1=O)(C)C)O"",""formula"":""C20H20N2O3"",""isomeric_smiles"":""CC(=O)C1=C([C@@H]2[C@@H]3[C@@H](CC4=C5C3=CNC5=CC=C4)C(N2C1=O)(C)C)O"",""matched_aliases"":[""Cyclopiazonic acid""],""title"":""Cyclopiazonic Acid""}]"
Desipramine hydrochloride,Desipramine hydrochloride,65327,65327,reviewed,confirmed,Exact hydrochloride entry selected; chloride removal for model parent is explicitly approved while raw salt is retained.,multicomponent_or_salt,https://pubchem.ncbi.nlm.nih.gov/compound/65327,2026-08-13,,"[{""cid"":""65327"",""connectivity_smiles"":""CNCCCN1C2=CC=CC=C2CCC3=CC=CC=C31.Cl"",""formula"":""C18H23ClN2"",""isomeric_smiles"":""CNCCCN1C2=CC=CC=C2CCC3=CC=CC=C31.Cl"",""matched_aliases"":[""Desipramine hydrochloride""],""title"":""Desipramine Hydrochloride""}]"
Doxycycline hyclate,Doxycycline hyclate,54671203|54685920|54686183|54686898|54705095|54729367|57514051|57515985|131673820,54705095,reviewed,confirmed,Selected the PubChem record titled Doxycycline hyclate among nine synonym-linked candidates; removal of counterion/solvate is explicit and raw structure is retained.,multiple_candidate_cids|multicomponent_or_salt|stereochemistry,https://pubchem.ncbi.nlm.nih.gov/compound/54705095,2026-08-13,,"[{""cid"":""54671203"",""connectivity_smiles"":""CC1C2C(C3C(C(=O)C(=C(C3(C(=O)C2=C(C4=C1C=CC=C4O)O)O)O)C(=O)N)N(C)C)O"",""formula"":""C22H24N2O8"",""isomeric_smiles"":""C[C@@H]1[C@H]2[C@@H]([C@H]3[C@@H](C(=O)C(=C([C@]3(C(=O)C2=C(C4=C1C=CC=C4O)O)O)O)C(=O)N)N(C)C)O"",""matched_aliases"":[""Doxycycline hyclate""],""title"":""4-(Dimethylamino)-1,5,10,11,12a-pentahydroxy-6-methyl-3,12-dioxo-3,4,4a,5,5a,6,12,12a-octahydrotetracene-2-carboximidic acid""},{""cid"":""54685920"",""connectivity_smiles"":""CC1C2C(C3C(C(=O)C(=C(C3(C(=O)C2=C(C4=C1C=CC=C4O)O)O)O)C(=O)N)N(C)C)O.Cl"",""formula"":""C22H25ClN2O8"",""isomeric_smiles"":""C[C@@H]1[C@H]2[C@@H]([C@H]3[C@@H](C(=O)C(=C([C@]3(C(=O)C2=C(C4=C1C=CC=C4O)O)O)O)C(=O)N)N(C)C)O.Cl"",""matched_aliases"":[""Doxycycline hyclate""],""title"":""Doxycycline Hydrochloride""},{""cid"":""54686183"",""connectivity_smiles"":""CCO.CC1C2C(C3C(C(=O)C(=C(C3(C(=O)C2=C(C4=C1C=CC=C4O)O)O)O)C(=O)N)N(C)C)O.CC1C2C(C3C(C(=O)C(=C(C3(C(=O)C2=C(C4=C1C=CC=C4O)O)O)O)C(=O)N)N(C)C)O.O.Cl.Cl"",""formula"":""C46H58Cl2N4O18"",""isomeric_smiles"":""CCO.C[C@@H]1[C@H]2[C@@H]([C@H]3[C@@H](C(=O)C(=C([C@]3(C(=O)C2=C(C4=C1C=CC=C4O)O)O)O)C(=O)N)N(C)C)O.C[C@@H]1[C@H]2[C@@H]([C@H]3[C@@H](C(=O)C(=C([C@]3(C(=O)C2=C(C4=C1C=CC=C4O)O)O)O)C(=O)N)N(C)C)O.O.Cl.Cl"",""matched_aliases"":[""Doxycycline hyclate""],""title"":""Doryx""},{""cid"":""54686898"",""connectivity_smiles"":""CCO.CC1C2C(C3C(C(=O)C(=C(C3(C(=O)C2=C(C4=C1C=CC=C4O)O)O)O)C(=O)N)N(C)C)O.Cl"",""formula"":""C24H31ClN2O9"",""isomeric_smiles"":""CCO.C[C@@H]1[C@H]2[C@@H]([C@H]3[C@@H](C(=O)C(=C([C@]3(C(=O)C2=C(C4=C1C=CC=C4O)O)O)O)C(=O)N)N(C)C)O.Cl"",""matched_aliases"":[""Doxycycline hyclate""],""title"":""6-Desoxy-5-hydroxytetracycline hydrochloride hemihydrate hemiethanolate""},{""cid"":""54705095"",""connectivity_smiles"":""CCO.CC1C2C(C3C(C(=O)C(=C(C3(C(=O)C2=C(C4=C1C=CC=C4O)O)O)O)C(=O)N)N(C)C)O.O.Cl"",""formula"":""C24H33ClN2O10"",""isomeric_smiles"":""CCO.C[C@@H]1[C@H]2[C@@H]([C@H]3[C@@H](C(=O)C(=C([C@]3(C(=O)C2=C(C4=C1C=CC=C4O)O)O)O)C(=O)N)N(C)C)O.O.Cl"",""matched_aliases"":[""Doxycycline hyclate""],""title"":""Doxycycline hyclate""},{""cid"":""54729367"",""connectivity_smiles"":""CCO.CC1C2C(C3C(C(=O)C(=C(C3(C(=O)C2=C(C4=C1C=CC=C4O)O)O)O)C(=O)N)[NH+](C)C)O.CC1C2C(C3C(C(=O)C(=C(C3(C(=O)C2=C(C4=C1C=CC=C4O)O)O)O)C(=O)N)[NH+](C)C)O.O.[Cl-].[Cl-]"",""formula"":""C46H58Cl2N4O18"",""isomeric_smiles"":""CCO.C[C@@H]1[C@H]2[C@@H]([C@H]3[C@@H](C(=O)C(=C([C@]3(C(=O)C2=C(C4=C1C=CC=C4O)O)O)O)C(=O)N)[NH+](C)C)O.C[C@@H]1[C@H]2[C@@H]([C@H]3[C@@H](C(=O)C(=C([C@]3(C(=O)C2=C(C4=C1C=CC=C4O)O)O)O)C(=O)N)[NH+](C)C)O.O.[Cl-].[Cl-]"",""matched_aliases"":[""Doxycycline hyclate""],""title"":""Doxycycline hydrochloride hemiethanolate hemihydrate""},{""cid"":""57514051"",""connectivity_smiles"":""[H+].[H+].CCO.CC1C2C(C3C(C(=O)C(=C(C3(C(=O)C2=C(C4=C1C=CC=C4O)O)O)O)C(=O)N)N(C)C)O.CC1C2C(C3C(C(=O)C(=C(C3(C(=O)C2=C(C4=C1C=CC=C4O)O)O)O)C(=O)N)N(C)C)O.O.[Cl-].[Cl-]"",""formula"":""C46H58Cl2N4O18"",""isomeric_smiles"":""[H+].[H+].CCO.C[C@@H]1[C@H]2[C@@H]([C@H]3[C@@H](C(=O)C(=C([C@]3(C(=O)C2=C(C4=C1C=CC=C4O)O)O)O)C(=O)N)N(C)C)O.C[C@@H]1[C@H]2[C@@H]([C@H]3[C@@H](C(=O)C(=C([C@]3(C(=O)C2=C(C4=C1C=CC=C4O)O)O)O)C(=O)N)N(C)C)O.O.[Cl-].[Cl-]"",""matched_aliases"":[""Doxycycline hyclate""],""title"":""bis((4S,4aR,5S,5aR,6R,12aR)-4-(dimethylamino)-1,5,10,11,12a-pentahydroxy-6-methyl-3,12-dioxo-4a,5,5a,6-tetrahydro-4H-tetracene-2-carboxamide);ethanol;hydron;dichloride;hydrate""},{""cid"":""57515985"",""connectivity_smiles"":""[H+].CC1C2C(C3C(C(=O)C(=C(C3(C(=O)C2=C(C4=C1C=CC=C4O)O)O)O)C(=O)N)N(C)C)O.O.O.[Cl-]"",""formula"":""C22H29ClN2O10"",""isomeric_smiles"":""[H+].C[C@@H]1[C@H]2[C@@H]([C@H]3[C@@H](C(=O)C(=C([C@]3(C(=O)C2=C(C4=C1C=CC=C4O)O)O)O)C(=O)N)N(C)C)O.O.O.[Cl-]"",""matched_aliases"":[""Doxycycline hyclate""],""title"":""(4S,4aR,5S,5aR,6R,12aR)-4-(dimethylamino)-1,5,10,11,12a-pentahydroxy-6-methyl-3,12-dioxo-4a,5,5a,6-tetrahydro-4H-tetracene-2-carboxamide;hydron;chloride;dihydrate""},{""cid"":""131673820"",""connectivity_smiles"":""CCO.CC1C2C(C3C(C(=O)C(=C(C3(C(=O)C2=C(C4=C1C=CC=C4O)O)O)O)C(=O)N)N(C)C)O.CC1C2C(C3C(C(=O)C(=C(C3(C(=O)C2=C(C4=C1C=CC=C4O)O)O)O)C(=O)N)N(C)C)O.Cl"",""formula"":""C46H55ClN4O17"",""isomeric_smiles"":""CCO.C[C@@H]1[C@H]2[C@@H]([C@H]3[C@@H](C(=O)C(=C([C@]3(C(=O)C2=C(C4=C1C=CC=C4O)O)O)O)C(=O)N)N(C)C)O.C[C@@H]1[C@H]2[C@@H]([C@H]3[C@@H](C(=O)C(=C([C@]3(C(=O)C2=C(C4=C1C=CC=C4O)O)O)O)C(=O)N)N(C)C)O.Cl"",""matched_aliases"":[""Doxycycline hyclate""],""title"":""bis((4S,4aR,5S,5aR,6R,12aR)-4-(dimethylamino)-1,5,10,11,12a-pentahydroxy-6-methyl-3,12-dioxo-4a,5,5a,6-tetrahydro-4H-tetracene-2-carboxamide);ethanol;hydrochloride""}]"
Dyclonine hydrochloride,Dyclonine hydrochloride,68304,68304,reviewed,confirmed,Exact hydrochloride entry selected; chloride removal for model parent is explicitly approved while raw salt is retained.,multicomponent_or_salt,https://pubchem.ncbi.nlm.nih.gov/compound/68304,2026-08-13,,"[{""cid"":""68304"",""connectivity_smiles"":""CCCCOC1=CC=C(C=C1)C(=O)CCN2CCCCC2.Cl"",""formula"":""C18H28ClNO2"",""isomeric_smiles"":""CCCCOC1=CC=C(C=C1)C(=O)CCN2CCCCC2.Cl"",""matched_aliases"":[""Dyclonine hydrochloride""],""title"":""Dyclonine Hydrochloride""}]"
EDTA,EDTA,6049,6049,reviewed,confirmed,Standard abbreviation resolves uniquely to ethylenediaminetetraacetic acid.,,https://pubchem.ncbi.nlm.nih.gov/compound/6049,2026-08-13,,"[{""cid"":""6049"",""connectivity_smiles"":""C(CN(CC(=O)O)CC(=O)O)N(CC(=O)O)CC(=O)O"",""formula"":""C10H16N2O8"",""isomeric_smiles"":""C(CN(CC(=O)O)CC(=O)O)N(CC(=O)O)CC(=O)O"",""matched_aliases"":[""EDTA""],""title"":""Ethylenediaminetetraacetic Acid""}]"
Emodin,Emodin,3220,3220,reviewed,confirmed,Exact name resolves uniquely and PubChem title agrees.,,https://pubchem.ncbi.nlm.nih.gov/compound/3220,2026-08-13,,"[{""cid"":""3220"",""connectivity_smiles"":""CC1=CC2=C(C(=C1)O)C(=O)C3=C(C2=O)C=C(C=C3O)O"",""formula"":""C15H10O5"",""isomeric_smiles"":""CC1=CC2=C(C(=C1)O)C(=O)C3=C(C2=O)C=C(C=C3O)O"",""matched_aliases"":[""Emodin""],""title"":""Emodin""}]"
FCCP,FCCP,3330,3330,reviewed,confirmed,Abbreviation and expanded alias both resolve to CID 3330.,,https://pubchem.ncbi.nlm.nih.gov/compound/3330,2026-08-13,,"[{""cid"":""3330"",""connectivity_smiles"":""C1=CC(=CC=C1NN=C(C#N)C#N)OC(F)(F)F"",""formula"":""C10H5F3N4O"",""isomeric_smiles"":""C1=CC(=CC=C1NN=C(C#N)C#N)OC(F)(F)F"",""matched_aliases"":[""FCCP"",""carbonyl cyanide 4-(trifluoromethoxy)phenylhydrazone""],""title"":""Carbonyl cyanide p-trifluoromethoxyphenylhydrazone""}]"
Fluconazole,Fluconazole,3365,3365,reviewed,confirmed,Exact name resolves uniquely and PubChem title agrees.,,https://pubchem.ncbi.nlm.nih.gov/compound/3365,2026-08-13,,"[{""cid"":""3365"",""connectivity_smiles"":""C1=CC(=C(C=C1F)F)C(CN2C=NC=N2)(CN3C=NC=N3)O"",""formula"":""C13H12F2N6O"",""isomeric_smiles"":""C1=CC(=C(C=C1F)F)C(CN2C=NC=N2)(CN3C=NC=N3)O"",""matched_aliases"":[""Fluconazole""],""title"":""Fluconazole""}]"
G418,G418,123865,123865,reviewed,confirmed,G418 and geneticin aliases both resolve to CID 123865.,stereochemistry,https://pubchem.ncbi.nlm.nih.gov/compound/123865,2026-08-13,,"[{""cid"":""123865"",""connectivity_smiles"":""CC(C1C(C(C(C(O1)OC2C(CC(C(C2O)OC3C(C(C(CO3)(C)O)NC)O)N)N)N)O)O)O"",""formula"":""C20H40N4O10"",""isomeric_smiles"":""C[C@H]([C@@H]1[C@H]([C@@H]([C@H]([C@H](O1)O[C@@H]2[C@H](C[C@H]([C@@H]([C@H]2O)O[C@@H]3[C@@H]([C@H]([C@@](CO3)(C)O)NC)O)N)N)N)O)O)O"",""matched_aliases"":[""G418"",""geneticin""],""title"":""Geneticin""}]"
Geldanamycin,Geldanamycin,5288382,5288382,reviewed,confirmed,Exact name resolves uniquely and PubChem title agrees.,stereochemistry,https://pubchem.ncbi.nlm.nih.gov/compound/5288382,2026-08-13,,"[{""cid"":""5288382"",""connectivity_smiles"":""CC1CC(C(C(C=C(C(C(C=CC=C(C(=O)NC2=CC(=O)C(=C(C1)C2=O)OC)C)OC)OC(=O)N)C)C)O)OC"",""formula"":""C29H40N2O9"",""isomeric_smiles"":""C[C@H]1C[C@@H]([C@@H]([C@H](/C=C(/[C@@H]([C@H](/C=C\\C=C(\\C(=O)NC2=CC(=O)C(=C(C1)C2=O)OC)/C)OC)OC(=O)N)\\C)C)O)OC"",""matched_aliases"":[""Geldanamycin""],""title"":""Geldanamycin""}]"
H2O2,H2O2,784,784,reviewed,confirmed,Formula abbreviation and hydrogen peroxide alias both resolve to CID 784.,,https://pubchem.ncbi.nlm.nih.gov/compound/784,2026-08-13,,"[{""cid"":""784"",""connectivity_smiles"":""OO"",""formula"":""H2O2"",""isomeric_smiles"":""OO"",""matched_aliases"":[""H2O2"",""hydrogen peroxide""],""title"":""Hydrogen Peroxide""}]"
Haloperidol,Haloperidol,3559,3559,reviewed,confirmed,Exact name resolves uniquely and PubChem title agrees.,,https://pubchem.ncbi.nlm.nih.gov/compound/3559,2026-08-13,,"[{""cid"":""3559"",""connectivity_smiles"":""C1CN(CCC1(C2=CC=C(C=C2)Cl)O)CCCC(=O)C3=CC=C(C=C3)F"",""formula"":""C21H23ClFNO2"",""isomeric_smiles"":""C1CN(CCC1(C2=CC=C(C=C2)Cl)O)CCCC(=O)C3=CC=C(C=C3)F"",""matched_aliases"":[""Haloperidol""],""title"":""Haloperidol""}]"
Harmine hydrochloride,Harmine hydrochloride,5359389,5359389,reviewed,confirmed,Exact hydrochloride entry selected; chloride removal for model parent is explicitly approved while raw salt is retained.,multicomponent_or_salt,https://pubchem.ncbi.nlm.nih.gov/compound/5359389,2026-08-13,,"[{""cid"":""5359389"",""connectivity_smiles"":""CC1=NC=CC2=C1NC3=C2C=CC(=C3)OC.Cl"",""formula"":""C13H13ClN2O"",""isomeric_smiles"":""CC1=NC=CC2=C1NC3=C2C=CC(=C3)OC.Cl"",""matched_aliases"":[""Harmine hydrochloride""],""title"":""Harmine Hydrochloride""}]"
Hoechst 33258,Hoechst 33258,2392|31953|182069|448194|135705211,135705211,reviewed,confirmed,Selected the candidate whose PubChem title is exactly Hoechst 33258; salt/hydrate removal is explicit and raw structure is retained.,multiple_candidate_cids|multicomponent_or_salt,https://pubchem.ncbi.nlm.nih.gov/compound/135705211,2026-08-13,,"[{""cid"":""2392"",""connectivity_smiles"":""CN1CCN(CC1)C2=CC3=C(C=C2)N=C(N3)C4=CC5=C(C=C4)N=C(N5)C6=CC=C(C=C6)O"",""formula"":""C25H24N6O"",""isomeric_smiles"":""CN1CCN(CC1)C2=CC3=C(C=C2)N=C(N3)C4=CC5=C(C=C4)N=C(N5)C6=CC=C(C=C6)O"",""matched_aliases"":[""Hoechst 33258""],""title"":""Bisbenzimidazole""},{""cid"":""31953"",""connectivity_smiles"":""CN1CCN(CC1)C2=CC3=C(C=C2)N=C(N3)C4=CC5=C(C=C4)N=C(N5)C6=CC=C(C=C6)O.Cl.Cl.Cl"",""formula"":""C25H27Cl3N6O"",""isomeric_smiles"":""CN1CCN(CC1)C2=CC3=C(C=C2)N=C(N3)C4=CC5=C(C=C4)N=C(N5)C6=CC=C(C=C6)O.Cl.Cl.Cl"",""matched_aliases"":[""Hoechst 33258""],""title"":""Bisbenzimidazole Trihydrochloride""},{""cid"":""182069"",""connectivity_smiles"":""CN1CCN(CC1)C2=CC3=C(C=C2)N=C(N3)C4=CC5=C(C=C4)N=C(N5)C6=CC=C(C=C6)O.Cl"",""formula"":""C25H25ClN6O"",""isomeric_smiles"":""CN1CCN(CC1)C2=CC3=C(C=C2)N=C(N3)C4=CC5=C(C=C4)N=C(N5)C6=CC=C(C=C6)O.Cl"",""matched_aliases"":[""Hoechst 33258""],""title"":""Phenol, p-(5-(5-(4-methyl-1-piperazinyl)-2-benzimidazolyl)-2-benzimidazolyl)-, hydrochloride""},{""cid"":""448194"",""connectivity_smiles"":""C[NH+]1CCN(CC1)C2=CC3=C(C=C2)N=C(N3)C4=CC5=C(C=C4)N=C(N5)C6=CC=C(C=C6)O"",""formula"":""C25H25N6O+"",""isomeric_smiles"":""C[NH+]1CCN(CC1)C2=CC3=C(C=C2)N=C(N3)C4=CC5=C(C=C4)N=C(N5)C6=CC=C(C=C6)O"",""matched_aliases"":[""Hoechst 33258""],""title"":""4-[6-[6-(4-methylpiperazin-4-ium-1-yl)-1H-benzimidazol-2-yl]-1H-benzimidazol-2-yl]phenol""},{""cid"":""135705211"",""connectivity_smiles"":""CN1CCN(CC1)C2=CC3=C(C=C2)N=C(N3)C4=CC5=C(C=C4)N=C(N5)C6=CC=C(C=C6)O.O.Cl.Cl.Cl"",""formula"":""C25H29Cl3N6O2"",""isomeric_smiles"":""CN1CCN(CC1)C2=CC3=C(C=C2)N=C(N3)C4=CC5=C(C=C4)N=C(N5)C6=CC=C(C=C6)O.O.Cl.Cl.Cl"",""matched_aliases"":[""Hoechst 33258""],""title"":""Hoechst 33258""}]"
Hydroxyurea,Hydroxyurea,3657,3657,reviewed,confirmed,Exact name resolves uniquely and PubChem title agrees.,,https://pubchem.ncbi.nlm.nih.gov/compound/3657,2026-08-13,,"[{""cid"":""3657"",""connectivity_smiles"":""C(=O)(N)NO"",""formula"":""CH4N2O2"",""isomeric_smiles"":""C(=O)(N)NO"",""matched_aliases"":[""Hydroxyurea""],""title"":""Hydroxyurea""}]"
Hygromycin B,Hygromycin B,56928061,56928061,reviewed,confirmed,Exact name resolves uniquely and PubChem title agrees.,stereochemistry,https://pubchem.ncbi.nlm.nih.gov/compound/56928061,2026-08-13,,"[{""cid"":""56928061"",""connectivity_smiles"":""CNC1CC(C(C(C1O)OC2C3C(C(C(O2)CO)O)OC4(O3)C(C(C(C(O4)C(CO)N)O)O)O)O)N"",""formula"":""C20H37N3O13"",""isomeric_smiles"":""CN[C@H]1C[C@H]([C@@H]([C@H]([C@@H]1O)O[C@H]2[C@@H]3[C@H]([C@H]([C@H](O2)CO)O)OC4(O3)[C@@H]([C@H]([C@H]([C@H](O4)[C@H](CO)N)O)O)O)O)N"",""matched_aliases"":[""Hygromycin B""],""title"":""Hygromycin B""}]"
LY 294002 hydrochloride,LY 294002 hydrochloride,11957589,11957589,reviewed,confirmed,Spaced and compact aliases agree on the hydrochloride entry; chloride removal is explicit and raw salt is retained.,multicomponent_or_salt,https://pubchem.ncbi.nlm.nih.gov/compound/11957589,2026-08-13,,"[{""cid"":""11957589"",""connectivity_smiles"":""C1COCCN1C2=CC(=O)C3=C(O2)C(=CC=C3)C4=CC=CC=C4.Cl"",""formula"":""C19H18ClNO3"",""isomeric_smiles"":""C1COCCN1C2=CC(=O)C3=C(O2)C(=CC=C3)C4=CC=CC=C4.Cl"",""matched_aliases"":[""LY 294002 hydrochloride"",""LY294002 hydrochloride""],""title"":""2-Morpholin-4-yl-8-phenylchromen-4-one;hydrochloride""}]"
MMS,MMS,4156,4156,reviewed,confirmed,Abbreviation and methyl methanesulfonate alias both resolve to CID 4156.,,https://pubchem.ncbi.nlm.nih.gov/compound/4156,2026-08-13,,"[{""cid"":""4156"",""connectivity_smiles"":""COS(=O)(=O)C"",""formula"":""C2H6O3S"",""isomeric_smiles"":""COS(=O)(=O)C"",""matched_aliases"":[""MMS"",""methyl methanesulfonate""],""title"":""Methyl Methanesulfonate""}]"
NaCl,NaCl,5234,5234,reviewed,confirmed,"Identity confirmed as sodium chloride CID 5234. The intact [Na+].[Cl-] ionic structure is retained; the current ordinary-organic Morgan/RDKit feature system is not applicable, so explicit zero-feature fallback is used without selecting one ion or removing salt.",multicomponent_or_salt|身份已确认，但当前 Morgan/RDKit 特征体系不适用,https://pubchem.ncbi.nlm.nih.gov/compound/Sodium-Chloride,2026-08-13,,"[{""cid"":""5234"",""connectivity_smiles"":""[Na+].[Cl-]"",""formula"":""ClNa"",""isomeric_smiles"":""[Na+].[Cl-]"",""matched_aliases"":[""NaCl""],""title"":""Sodium Chloride""}]"
Neomycin B,Neomycin B,8378,8378,reviewed,confirmed,Exact synonym resolves uniquely to PubChem Neomycin CID 8378.,stereochemistry,https://pubchem.ncbi.nlm.nih.gov/compound/8378,2026-08-13,,"[{""cid"":""8378"",""connectivity_smiles"":""C1C(C(C(C(C1N)OC2C(C(C(C(O2)CN)O)O)N)OC3C(C(C(O3)CO)OC4C(C(C(C(O4)CN)O)O)N)O)O)N"",""formula"":""C23H46N6O13"",""isomeric_smiles"":""C1[C@H]([C@@H]([C@H]([C@@H]([C@H]1N)O[C@@H]2[C@@H]([C@H]([C@@H]([C@H](O2)CN)O)O)N)O[C@H]3[C@@H]([C@@H]([C@H](O3)CO)O[C@@H]4[C@@H]([C@H]([C@@H]([C@@H](O4)CN)O)O)N)O)O)N"",""matched_aliases"":[""Neomycin B""],""title"":""Neomycin""}]"
Nigericin,Nigericin,34230,34230,reviewed,confirmed,Exact name resolves uniquely and PubChem title agrees.,stereochemistry,https://pubchem.ncbi.nlm.nih.gov/compound/34230,2026-08-13,,"[{""cid"":""34230"",""connectivity_smiles"":""CC1CCC(OC1C(C)C(=O)O)CC2CC(C(C3(O2)C(CC(O3)(C)C4CCC(O4)(C)C5C(CC(O5)C6C(CC(C(O6)(CO)O)C)C)C)C)C)OC"",""formula"":""C40H68O11"",""isomeric_smiles"":""C[C@H]1CC[C@@H](O[C@H]1[C@@H](C)C(=O)O)C[C@@H]2C[C@H]([C@H]([C@@]3(O2)[C@@H](C[C@@](O3)(C)[C@H]4CC[C@@](O4)(C)[C@H]5[C@H](C[C@@H](O5)[C@@H]6[C@H](C[C@H]([C@@](O6)(CO)O)C)C)C)C)C)OC"",""matched_aliases"":[""Nigericin""],""title"":""Nigericin""}]"
Nocodazole,Nocodazole,4122,4122,reviewed,confirmed,Exact name resolves uniquely and PubChem title agrees.,,https://pubchem.ncbi.nlm.nih.gov/compound/4122,2026-08-13,,"[{""cid"":""4122"",""connectivity_smiles"":""COC(=O)NC1=NC2=C(N1)C=C(C=C2)C(=O)C3=CC=CS3"",""formula"":""C14H11N3O3S"",""isomeric_smiles"":""COC(=O)NC1=NC2=C(N1)C=C(C=C2)C(=O)C3=CC=CS3"",""matched_aliases"":[""Nocodazole""],""title"":""Nocodazole""}]"
Nystatin dihydrate,Nystatin dihydrate,154809619,154809619,reviewed,confirmed,Exact dihydrate entry selected; water removal for model parent is explicitly approved while raw hydrate is retained.,multicomponent_or_salt|stereochemistry,https://pubchem.ncbi.nlm.nih.gov/compound/154809619,2026-08-13,,"[{""cid"":""154809619"",""connectivity_smiles"":""CC1C=CC=CCCC=CC=CC=CC=CC(CC2C(C(CC(O2)(CC(C(CCC(CC(CC(CC(=O)OC(C(C1O)C)C)O)O)O)O)O)O)O)C(=O)O)OC3C(C(C(C(O3)C)O)N)O.O.O"",""formula"":""C47H79NO19"",""isomeric_smiles"":""C[C@@H]1[C@H]([C@@H]([C@@H]([C@@H](O1)OC2CC3C(C(CC(O3)(CC(C(CCC(CC(CC(CC(=O)OC(C(C(C(/C=C/C=C/CC/C=C/C=C/C=C/C=C2)C)O)C)C)O)O)O)O)O)O)O)C(=O)O)O)N)O.O.O"",""matched_aliases"":[""Nystatin dihydrate""],""title"":""Nystatin dihydrate""}]"
Oligomycin,Oligomycin,52947716,52947716,reviewed,proxy,The metadata gives a family name without component identity; Oligomycin A is an explicit proxy and is not claimed as exact.,stereochemistry|name_not_exact_synonym|proxy_structure,https://pubchem.ncbi.nlm.nih.gov/compound/52947716,2026-08-13,,"[{""cid"":""52947716"",""connectivity_smiles"":""CCC1CCC2C(C(C(C3(O2)CCC(C(O3)CC(C)O)C)C)OC(=O)C=CC(C(C(C(=O)C(C(C(C(=O)C(C(C(CC=CC=C1)C)O)(C)O)C)O)C)C)O)C)C"",""formula"":""C45H74O11"",""isomeric_smiles"":""CC[C@@H]\\1CC[C@H]2[C@H]([C@H]([C@@H]([C@]3(O2)CC[C@@H]([C@@H](O3)C[C@@H](C)O)C)C)OC(=O)/C=C/[C@@H]([C@H]([C@@H](C(=O)[C@@H]([C@H]([C@@H](C(=O)[C@]([C@H]([C@@H](C/C=C/C=C1)C)O)(C)O)C)O)C)C)O)C)C"",""matched_aliases"":[""oligomycin A""],""title"":""Oligomycin A""}]"
Parthenolide,Parthenolide,6473881,6473881,reviewed,confirmed,Exact name resolves uniquely and PubChem title agrees.,stereochemistry,https://pubchem.ncbi.nlm.nih.gov/compound/6473881,2026-08-13,,"[{""cid"":""6473881"",""connectivity_smiles"":""CC1=CCCC2(C(O2)C3C(CC1)C(=C)C(=O)O3)C"",""formula"":""C15H20O3"",""isomeric_smiles"":""C/C/1=C\\CC[C@@]2([C@@H](O2)[C@@H]3[C@@H](CC1)C(=C)C(=O)O3)C"",""matched_aliases"":[""Parthenolide""],""title"":""Parthenolide""}]"
Pentamidine isethionate,Pentamidine isethionate,8813,8813,reviewed,confirmed,Exact isethionate salt entry selected; counterion removal for model parent is explicitly approved while raw salt is retained.,multicomponent_or_salt,https://pubchem.ncbi.nlm.nih.gov/compound/8813,2026-08-13,,"[{""cid"":""8813"",""connectivity_smiles"":""C1=CC(=CC=C1C(=N)N)OCCCCCOC2=CC=C(C=C2)C(=N)N.C(CS(=O)(=O)O)O.C(CS(=O)(=O)O)O"",""formula"":""C23H36N4O10S2"",""isomeric_smiles"":""C1=CC(=CC=C1C(=N)N)OCCCCCOC2=CC=C(C=C2)C(=N)N.C(CS(=O)(=O)O)O.C(CS(=O)(=O)O)O"",""matched_aliases"":[""Pentamidine isethionate""],""title"":""Pentamidine Isethionate""}]"
Plumbagin,Plumbagin,10205,10205,reviewed,confirmed,Exact name resolves uniquely and PubChem title agrees.,,https://pubchem.ncbi.nlm.nih.gov/compound/10205,2026-08-13,,"[{""cid"":""10205"",""connectivity_smiles"":""CC1=CC(=O)C2=C(C1=O)C=CC=C2O"",""formula"":""C11H8O3"",""isomeric_smiles"":""CC1=CC(=O)C2=C(C1=O)C=CC=C2O"",""matched_aliases"":[""Plumbagin""],""title"":""Plumbagin""}]"
Raloxifene hydrochloride,Raloxifene hydrochloride,54900,54900,reviewed,confirmed,Exact hydrochloride entry selected; chloride removal for model parent is explicitly approved while raw salt is retained.,multicomponent_or_salt,https://pubchem.ncbi.nlm.nih.gov/compound/54900,2026-08-13,,"[{""cid"":""54900"",""connectivity_smiles"":""C1CCN(CC1)CCOC2=CC=C(C=C2)C(=O)C3=C(SC4=C3C=CC(=C4)O)C5=CC=C(C=C5)O.Cl"",""formula"":""C28H28ClNO4S"",""isomeric_smiles"":""C1CCN(CC1)CCOC2=CC=C(C=C2)C(=O)C3=C(SC4=C3C=CC(=C4)O)C5=CC=C(C=C5)O.Cl"",""matched_aliases"":[""Raloxifene hydrochloride""],""title"":""Raloxifene Hydrochloride""}]"
Rapamycin,Rapamycin,5284616,5284616,reviewed,confirmed,Rapamycin synonym resolves uniquely to PubChem Sirolimus CID 5284616.,stereochemistry,https://pubchem.ncbi.nlm.nih.gov/compound/5284616,2026-08-13,,"[{""cid"":""5284616"",""connectivity_smiles"":""CC1CCC2CC(C(=CC=CC=CC(CC(C(=O)C(C(C(=CC(C(=O)CC(OC(=O)C3CCCCN3C(=O)C(=O)C1(O2)O)C(C)CC4CCC(C(C4)OC)O)C)C)O)OC)C)C)C)OC"",""formula"":""C51H79NO13"",""isomeric_smiles"":""C[C@@H]1CC[C@H]2C[C@@H](/C(=C/C=C/C=C/[C@H](C[C@H](C(=O)[C@@H]([C@@H](/C(=C/[C@H](C(=O)C[C@H](OC(=O)[C@@H]3CCCCN3C(=O)C(=O)[C@@]1(O2)O)[C@H](C)C[C@@H]4CC[C@H]([C@@H](C4)OC)O)C)/C)O)OC)C)C)/C)OC"",""matched_aliases"":[""Rapamycin""],""title"":""Sirolimus""}]"
SDS,SDS,3423265,3423265,reviewed,confirmed,Expanded sodium dodecyl sulfate alias resolves uniquely; sodium removal for model parent is explicit and raw salt is retained.,multicomponent_or_salt|name_not_exact_synonym,https://pubchem.ncbi.nlm.nih.gov/compound/3423265,2026-08-13,,"[{""cid"":""3423265"",""connectivity_smiles"":""CCCCCCCCCCCCOS(=O)(=O)[O-].[Na+]"",""formula"":""C12H25NaO4S"",""isomeric_smiles"":""CCCCCCCCCCCCOS(=O)(=O)[O-].[Na+]"",""matched_aliases"":[""sodium dodecyl sulfate""],""title"":""Sodium Lauryl Sulfate""}]"
Sorbitol,Sorbitol,5780,5780,reviewed,confirmed,Exact name resolves uniquely and PubChem title agrees.,stereochemistry,https://pubchem.ncbi.nlm.nih.gov/compound/5780,2026-08-13,,"[{""cid"":""5780"",""connectivity_smiles"":""C(C(C(C(C(CO)O)O)O)O)O"",""formula"":""C6H14O6"",""isomeric_smiles"":""C([C@H]([C@H]([C@@H]([C@H](CO)O)O)O)O)O"",""matched_aliases"":[""Sorbitol""],""title"":""Sorbitol""}]"
Staurosporine,Staurosporine,44259,44259,reviewed,confirmed,Exact name resolves uniquely and PubChem title agrees.,stereochemistry,https://pubchem.ncbi.nlm.nih.gov/compound/44259,2026-08-13,,"[{""cid"":""44259"",""connectivity_smiles"":""CC12C(C(CC(O1)N3C4=CC=CC=C4C5=C6C(=C7C8=CC=CC=C8N2C7=C53)CNC6=O)NC)OC"",""formula"":""C28H26N4O3"",""isomeric_smiles"":""C[C@@]12[C@@H]([C@@H](C[C@@H](O1)N3C4=CC=CC=C4C5=C6C(=C7C8=CC=CC=C8N2C7=C53)CNC6=O)NC)OC"",""matched_aliases"":[""Staurosporine""],""title"":""Staurosporine""}]"
Sulfometuron methyl,Sulfometuron methyl,52997,52997,reviewed,confirmed,Spacing variant resolves uniquely to PubChem Sulfometuron-methyl.,,https://pubchem.ncbi.nlm.nih.gov/compound/52997,2026-08-13,,"[{""cid"":""52997"",""connectivity_smiles"":""CC1=CC(=NC(=N1)NC(=O)NS(=O)(=O)C2=CC=CC=C2C(=O)OC)C"",""formula"":""C15H16N4O5S"",""isomeric_smiles"":""CC1=CC(=NC(=N1)NC(=O)NS(=O)(=O)C2=CC=CC=C2C(=O)OC)C"",""matched_aliases"":[""Sulfometuron methyl""],""title"":""Sulfometuron-methyl""}]"
Tamoxifen,Tamoxifen,2733526,2733526,reviewed,confirmed,Exact name resolves uniquely and PubChem title agrees.,,https://pubchem.ncbi.nlm.nih.gov/compound/2733526,2026-08-13,,"[{""cid"":""2733526"",""connectivity_smiles"":""CCC(=C(C1=CC=CC=C1)C2=CC=C(C=C2)OCCN(C)C)C3=CC=CC=C3"",""formula"":""C26H29NO"",""isomeric_smiles"":""CC/C(=C(\\C1=CC=CC=C1)/C2=CC=C(C=C2)OCCN(C)C)/C3=CC=CC=C3"",""matched_aliases"":[""Tamoxifen""],""title"":""Tamoxifen""}]"
Trichostatin A,Trichostatin A,444732,444732,reviewed,confirmed,Exact name resolves uniquely and PubChem title agrees.,stereochemistry,https://pubchem.ncbi.nlm.nih.gov/compound/444732,2026-08-13,,"[{""cid"":""444732"",""connectivity_smiles"":""CC(C=C(C)C=CC(=O)NO)C(=O)C1=CC=C(C=C1)N(C)C"",""formula"":""C17H22N2O3"",""isomeric_smiles"":""C[C@H](/C=C(\\C)/C=C/C(=O)NO)C(=O)C1=CC=C(C=C1)N(C)C"",""matched_aliases"":[""Trichostatin A""],""title"":""Trichostatin A""}]"
Trifluoperazine dihydrochloride,Trifluoperazine dihydrochloride,66064,66064,reviewed,confirmed,Exact dihydrochloride synonym resolves to CID 66064; chloride removal is explicit and raw salt is retained.,multicomponent_or_salt,https://pubchem.ncbi.nlm.nih.gov/compound/66064,2026-08-13,,"[{""cid"":""66064"",""connectivity_smiles"":""CN1CCN(CC1)CCCN2C3=CC=CC=C3SC4=C2C=C(C=C4)C(F)(F)F.Cl.Cl"",""formula"":""C21H26Cl2F3N3S"",""isomeric_smiles"":""CN1CCN(CC1)CCCN2C3=CC=CC=C3SC4=C2C=C(C=C4)C(F)(F)F.Cl.Cl"",""matched_aliases"":[""Trifluoperazine dihydrochloride""],""title"":""Trifluoperazine Hydrochloride""}]"
Tunicamycin,Tunicamycin,11104835,,reviewed,unresolved,Tunicamycin is a homolog mixture/family name and the alias query did not uniquely preserve a stated component; no silent component choice.,,https://pubchem.ncbi.nlm.nih.gov/compound/11104835,2026-08-13,,"[{""cid"":""11104835"",""connectivity_smiles"":""CC(C)CCCCCCCCCC=CC(=O)NC1C(C(C(OC1OC2C(C(C(C(O2)CO)O)O)NC(=O)C)CC(C3C(C(C(O3)N4C=CC(=O)NC4=O)O)O)O)O)O"",""formula"":""C38H62N4O16"",""isomeric_smiles"":""CC(C)CCCCCCCCC/C=C/C(=O)N[C@@H]1[C@H]([C@H]([C@H](O[C@H]1O[C@@H]2[C@@H]([C@H]([C@@H]([C@H](O2)CO)O)O)NC(=O)C)C[C@H]([C@@H]3[C@H]([C@H]([C@@H](O3)N4C=CC(=O)NC4=O)O)O)O)O)O"",""matched_aliases"":[""tunicamycin V""],""title"":""Tunicamycin B2""}]"
U-73122,U-73122,5631|104794|11957723|21117951|54052933|138107731|177926704,104794,reviewed,confirmed,"CAS 112648-68-7 cross-check resolves the ambiguous name result: NLM MeSH binds U-73122 to this CAS and chemical name, while Tocris independently reports the same CAS, PubChem CID 104794, stereochemical SMILES, formula, and InChIKey; PubChem CID 104794 agrees.",multiple_candidate_cids|stereochemistry,https://meshb.nlm.nih.gov/record/ui?name=U+73122|https://pubchem.ncbi.nlm.nih.gov/compound/104794|https://www.tocris.com/products/u-73122_1268,2026-08-13,112648-68-7,"[{""cid"":""5631"",""connectivity_smiles"":""CC12CCC3C(C1CCC2NCCCCCCN4C(=O)C=CC4=O)CCC5=C3C=CC(=C5)OC"",""formula"":""C29H40N2O3"",""isomeric_smiles"":""CC12CCC3C(C1CCC2NCCCCCCN4C(=O)C=CC4=O)CCC5=C3C=CC(=C5)OC"",""matched_aliases"":[""U-73122""],""title"":""1-[6-[(3-Methoxy-13-methyl-6,7,8,9,11,12,14,15,16,17-decahydrocyclopenta[a]phenanthren-17-yl)amino]hexyl]pyrrole-2,5-dione""},{""cid"":""104794"",""connectivity_smiles"":""CC12CCC3C(C1CCC2NCCCCCCN4C(=O)C=CC4=O)CCC5=C3C=CC(=C5)OC"",""formula"":""C29H40N2O3"",""isomeric_smiles"":""C[C@]12CC[C@H]3[C@H]([C@@H]1CC[C@@H]2NCCCCCCN4C(=O)C=CC4=O)CCC5=C3C=CC(=C5)OC"",""matched_aliases"":[""U-73122"",""U73122""],""title"":""1-(6-(((17beta)-3-Methoxyestra-1,3,5(10)-trien-17-yl)amino)hexyl)-1H-pyrrole-2,5-dione""},{""cid"":""11957723"",""connectivity_smiles"":""CC12CCC3C(C1CCC2NCCCCCCN4C(=O)C=CC4=O)CCC5=C3C=CC(=C5)OC"",""formula"":""C29H40N2O3"",""isomeric_smiles"":""C[C@]12CCC3C(C1CC[C@@H]2NCCCCCCN4C(=O)C=CC4=O)CCC5=C3C=CC(=C5)OC"",""matched_aliases"":[""U-73122""],""title"":""Sdccgsbi-0051202.P002""},{""cid"":""21117951"",""connectivity_smiles"":""CC12CCC3C(C1CCC2NCCCCCCN4C(=O)C=CC4=O)CCC5=C3C=CC(=C5)OC"",""formula"":""C29H40N2O3"",""isomeric_smiles"":""C[C@]12CC[C@H]3[C@H]([C@@H]1CCC2NCCCCCCN4C(=O)C=CC4=O)CCC5=C3C=CC(=C5)OC"",""matched_aliases"":[""U-73122""],""title"":""1-(6-((3-Methoxyestra-1,3,5(10)-trien-17-yl) amino)hexyl)-1h-pyrrole-2,5-dione""},{""cid"":""54052933"",""connectivity_smiles"":""CC12CCC3C(C1CCC2NCCCCCCN4C(=O)C=CC4=O)CCC5=C3C=CC(=C5)OC"",""formula"":""C29H40N2O3"",""isomeric_smiles"":""C[C@]12CCC3C(C1CCC2NCCCCCCN4C(=O)C=CC4=O)CCC5=C3C=CC(=C5)OC"",""matched_aliases"":[""U-73122""],""title"":""1-[6-[[(13S)-3-methoxy-13-methyl-6,7,8,9,11,12,14,15,16,17-decahydrocyclopenta[a]phenanthren-17-yl]amino]hexyl]pyrrole-2,5-dione""},{""cid"":""138107731"",""connectivity_smiles"":""CC12CCC3C(C1CCC2NCCCCCCN4C(=O)C=CC4=O)CCC5=C3C=CC(=C5)OC"",""formula"":""C29H40N2O3"",""isomeric_smiles"":""C[C@]12CC[C@@H]3[C@H]([C@@H]1CCC2NCCCCCCN4C(=O)C=CC4=O)CCC5=C3C=CC(=C5)OC"",""matched_aliases"":[""U-73122""],""title"":""1-[6-[[(8R,9R,13S,14S)-3-methoxy-13-methyl-6,7,8,9,11,12,14,15,16,17-decahydrocyclopenta[a]phenanthren-17-yl]amino]hexyl]pyrrole-2,5-dione""},{""cid"":""177926704"",""connectivity_smiles"":""CC12CCC3C(C1CCC2NCCCCCCN4C(=O)C=CC4=O)CCC5=C3C=CC(=C5)OC"",""formula"":""C29H40N2O3"",""isomeric_smiles"":""C[C@@]12CCC3C(C1CC[C@@H]2NCCCCCCN4C(=O)C=CC4=O)CCC5=C3C=CC(=C5)OC"",""matched_aliases"":[""U-73122""],""title"":""1-[6-[[(13R,17S)-3-methoxy-13-methyl-6,7,8,9,11,12,14,15,16,17-decahydrocyclopenta[a]phenanthren-17-yl]amino]hexyl]pyrrole-2,5-dione""}]"
Valinomycin,Valinomycin,3000706,3000706,reviewed,confirmed,Exact name resolves uniquely and PubChem title agrees.,stereochemistry,https://pubchem.ncbi.nlm.nih.gov/compound/3000706,2026-08-13,,"[{""cid"":""3000706"",""connectivity_smiles"":""CC1C(=O)NC(C(=O)OC(C(=O)NC(C(=O)OC(C(=O)NC(C(=O)OC(C(=O)NC(C(=O)OC(C(=O)NC(C(=O)OC(C(=O)NC(C(=O)O1)C(C)C)C(C)C)C(C)C)C)C(C)C)C(C)C)C(C)C)C)C(C)C)C(C)C)C(C)C"",""formula"":""C54H90N6O18"",""isomeric_smiles"":""C[C@H]1C(=O)N[C@H](C(=O)O[C@@H](C(=O)N[C@@H](C(=O)O[C@H](C(=O)N[C@H](C(=O)O[C@@H](C(=O)N[C@@H](C(=O)O[C@H](C(=O)N[C@H](C(=O)O[C@@H](C(=O)N[C@@H](C(=O)O1)C(C)C)C(C)C)C(C)C)C)C(C)C)C(C)C)C(C)C)C)C(C)C)C(C)C)C(C)C"",""matched_aliases"":[""Valinomycin""],""title"":""Valinomycin""}]"
Wortmannin,Wortmannin,312145,312145,reviewed,confirmed,Exact name resolves uniquely and PubChem title agrees.,stereochemistry,https://pubchem.ncbi.nlm.nih.gov/compound/312145,2026-08-13,,"[{""cid"":""312145"",""connectivity_smiles"":""CC(=O)OC1CC2(C(CCC2=O)C3=C1C4(C(OC(=O)C5=COC(=C54)C3=O)COC)C)C"",""formula"":""C23H24O8"",""isomeric_smiles"":""CC(=O)O[C@@H]1C[C@]2([C@@H](CCC2=O)C3=C1[C@]4([C@H](OC(=O)C5=COC(=C54)C3=O)COC)C)C"",""matched_aliases"":[""Wortmannin""],""title"":""Wortmannin""}]"
